"";"Gene";"Sequence";"Accession";"Genera";"Substrate";"value"
"1";"AiizPKS";"MAPNGSSPPGLYITGLGSQYPPYLLDPEKLEILAAQFYDVQRPGLRKLLRINRSSGIETR
SAIHTYDNGFATKSTAPSISELDQFYRQAGVDLAVQACEKALQDADVPPGKITHTIGVTC
TNQGNPGYDLLVNRKLGLPASVDRMLLHGVGCAGGLAIMRAAAQIACGGSARGKPVRILA
FACELCTPNVRHELAAAEEAADPADICIAGALFSDAAAAFVLCNEYAIVEDDARPVYELV
EWGNGLIPDTVEHMAFYADVDGYQTVLTREVPQYVKHAINPMFTSLLPSYQRLVQSVPDA
EDAQVGSQLGISDFDWALHPGGQAIIEGAKQVLELSEDQLHVSREIYRTRGNSASATVLI
VLDRLRSLGKREHVVATSFGPGLAIEMAMLRRCEIEKD";"Aspiiz1|328085";"Aspergillus";"cinnamoyl-coa";"1"
"2";"AthePKS";"MTTQPALCITGLGHQYPPYLMTPDKFDQLAARFHDTERPGLKKLIQINHTTGIESRASIL
PYTTGFATQSIPPTITEINHFFRSAGVDLAVSACKKALRDARTPPAKITHTVAVTATNQG
CPGYDLLVAKKLGLRLSSSSARPALDRTLLSGVGCAGGLSVLRTAAQLACGASARGKPAR
ILAYACELCMPNGRHDLAEVAREGDPDGISIVAALFSDAAGAVVLCNEVALAEDREGGAD
PDSEDEDEEAVRPVYRLLQWGHDVIPDTIEHMGFTTEGDGYHTTLTRAVPEHVKKAIGPI
FSTLLPSYQQQLQSCTPETINKADQQLTIHDFEFALHPGGEAIIDGAKEVLGLTEDQIKV
TRETYRTKGNSSSPTVLILLDKLRSEANRKRENVVAASFGPGMTIEMAMLRRCEDDE";"Aspth1|366720";"Aspergillus";"cinnamoyl-coa";"0"
"3";"AastPKS";"MGNSLSSSPSPGQSPQPEIQLRGDEAIITGIATEWPSRLIGPEELNKYALKFYPENPPWL
QKLLMLNTKTGIETRAVIDLWDDPRWLGDQPPTAEEVDAAFREYGVELAKKAALKALRES
NIDPSSVTHMVSVTATNAGAPGYDQLVARDLGLPDRTERVLLSGVGCAGGCASLRLASAL
ADAATHRKKAARILIVACELCSIQIRSELHAASQSPITRIGPVIFSDGAAALVVCNSLGM
SDKTPKQFAIVDDKSVTTSETQEEMSVKVSTYGFLATFSKKIPELAIGSMKAPLQSLLQS
NGMSSASPTDFYWALHPGGRAIIEGVQAAFNLPEDSLSASYEIYKTRGNSSSVSILAVLE
KVREKKLQTPNVVACSFGTGIRTEIALLRRMA";"Aspaste1|20971";"Aspergillus";"cinnamoyl-coa";"1"
"4";"XacuPKS1";"MGANWSSPGETENHDGSRQEMSDRLTITGLGSEWPDLLVGPKHLQEYAESIYPADAPWLQ
KLLTVNAQTGVQTRAVLECWNDPMWRGPVPPTIEQVHEAFDKYAPPLTAGAARRALNESG
IAASAVTHMVSVTATNCKCPGYDHLVAKELGISGDAERSLISGSGCAGGLAALRVANSMA
CAASLRGRPARILVVACELSSINLRAELEAAHKSGKLRIGAALFSDGAAAVVLCNDLALT
EKTPRLFTIADWCQNVAAETYDEVSVTTVSQGFLVYLSRTLPKHAAAAVHRPLQRLFGQK
DLPSPTECDWALHAGGAAIIQGVAKSVGIPDHQLRATSAVYSTRGNTASVTVLAVLDKLR
TMGPGTEDVVMCSFGPGLTVEMARLKRHC
";"Xylacu1|452307";"Endophytes";"cinnamoyl-coa";"0"
"5";"HargPKS1";">CDS_3939
MGATWSSTEEIDNADGSKQEFSDRLTITGLGSEWPKLLVGAEQLREYAESIYPADAPWLQ
KLLMVNAQTGVKTRAVLECWNDPMWRGPVPPTIEQVHEAFDKYAPPLTAGAARRALSESG
IAASAITHMVSVTATNCKCPGYDHLVAKELGISGDAERSLIAGSGCAGGLAALRVANSMA
NGATLRGRPARILVVACELSSINLRAELEAANQSGKLRIGGALFSDGAAAVVLCNDLALT
EKMPRLFTIADWCQNVAAETYDEVSVTTVSQGFLVYLSRTLPKHAAAAVHRPLERLFGKK
DLPSPKECDWALHAGGAAIIQGVQKSVGIPDHQLRATSAVYSTRGNTASVTVLAVLDKLR
TMGPGTDDVVMCSFGPGLTVEMARLKRHC";"Hyparg1|454749";"Endophytes";"cinnamoyl-coa";"0"
"6";"HypPKS";">CDS_6803
MASTNTFGELGLSIVGLGAQYPPNSLKPDELHKLATKyPDSPAMQKVLDINKYTGIETR
SSIGTSDHPVVNQPDAPSIAELHKVFISDGVPLAIEASRKAILEAGIDLSEITHIVSTTC
TDSANPGFDHFVAKGLGVTHSVEKVLLHGVGCAGGLAVLRTAANLALGHAMRRKPARILC
VTLEVSTTMVRSELNSINELQETRIGAALFSDCASALILSNGIGRPTAAPVYELLGWDHK
ILPESELDLGFDVDPVGWKVVLSPRVPKLATEILKPSFLELLESVPGLPAEYREAPDFDW
AMHPGGLTILTGAEKMMGISPEHMRASYDRYMNHGNSSSATIFSVMDRLRSKDMDAIAPG
GRPRDFVVGCAFGPGIAVEMCMLKRNMGRLGIQTPPETDSEASRSEAGTPGSEKTQGEQR
PTLGDEMFINEALANVELD
";"HyNC0597_1|672645";"Endophytes";"cinnamoyl-coa";"0"
"7";"PficPKS";"METTNAFGELGLSIIGIASQYPPHSLKPDQVQHLAERFYPDSPAMQKVLSINRYTGIDTR
ASIGTSDHPLVNAKEAPSIAELHRTFMTDGVPLAVAASRKAISEAGIQLSDITHVVATTC
TDSANPGFDHFVLKELGVTHQVEKVLLHGVGCSGGLATLRTAANLALGHAARRKPARILC
VALEVSTTMVRSELDSVNQTQETRIGVTLFSDCGSAVILSNGLGQRTADPVYELLGWEHK
VIPDTDHDLGFDVDPVGWKVVLSPRVPKLAAQVLQPTFSELMRDVPDMGPKYREAADFDW
AMHPGGATILTGAEKAMSITPEHMRASYMTYMNHGNSSSATIFSVMDKLRSKGMDEMAPG
GRAKDFVVGCAFGPGITVEMCMLKRNLGITRPHDIQTPPDTDSEASASDVDATSEWASED
PKESVPDTPEPEMIEPVASHSRDEDFINEALSRVELD";"Pesfi1|10058";"Endophytes";"cinnamoyl-coa";"0"
"8";"DhelPKS";"MASPNRFGQLGLSILGVGSQYPPHNLKPDAIDTLATRFYPDSPSMKKMRAINQFTGIDTR
SSIGNPDHPVVNFPGPPSIAQLHEVFMSAGVPLAVSAARKAIAEAKIDLNEITHVVSTTC
TDSANPGYDHFVCEKLGVSNQVERVLLHGVGCAGGLTALRTAANLALGHTFRGKPARILV
LALEVSTTMVRSELESIDKLQETRIGVCLFSDGASAVVLSNGLGKASGPPVYDYLGWDNR
IIPDTTSDLGFDVDPVGWKVILTPRVPKIAQGALQETFSDLMSSLSLPPPWDDAKPSDFD
WAMHPGGATILSGAEKALGLVPEHMRASYDTYINHGNSSSATIFSVLDRLRSKDMDACTP
DGRGPKDHIVGCAFGPGVAVEMCMLKRHFPPGAEGTGLQTPPETESEESSERSDDGEASV
RSDDLDVEDEAAAVHTRRADAGVDSFIAQAISSVELD
";"Diahe1|3921";"Endophytes";"cinnamoyl-coa";"0"
"9";"FerePKS";"MSPSAMHNKVTPPYHRPNLYVHGIGVEYPPYEIKPEHLATLARRFYPSTPALEKVLRINE
YTGIDSRSAIGNIDHPIANAPEPPTIAELCDVFLDHGVKLSIDACRKAVKQWGGDLSEIT
HVVATTCTNSANPGYDHYVIKGLGLNPSIEKILLHGVGCSGGLGALRTAANIALGSSFRR
KPARILVFACEISSTLVRSELDSIHKNQEVRIGVTLFSDCASAVVLGNGFSDRYDEEPIL
ELLGWDHKVIEDTEKDLGFDVDPLGWKVVLTQRVPKLASAAVPGMFEDLVGSIPELVDLG
KFKASDYDWALHPGGATVITGVERAMNLKPELLRASYEVYITHGNSSSATIFSVMNRLLE
GETKDHIVACAFGPGIAVEMMMLKRSNQGSDSGTESPTETLVAEDVD";"Foner1|4724";"Other";"cinnamoyl-coa";"1"
"10";"TtonPKS";"MPASKCANSPLVAPGLFIVSLGSQYPPYLLNHEKLTCFAERFYDIRRPGLRKLLQINAST
GIETRSSIRCYETGFACDSVPPSIADLDELFRRDGVDLTVQACMKAMKEAGVLPEQITHT
VGVTCTNQGNPGYDLLVNEKLGLPERTSRILLHGVGCAGGLSIMRVASQVACGETMRKRP
ACILAYACELCTPNVRHDLAEAEQCTDLSKVNIAGALFSDAAAAFILCNRTALEGINASP
IFELIEWDYALIPDTMQHLTSYTDPYGFRSVLTKDIPTYARAAIGPMFHRLLPSYEEQVF
AADMQLGVVNFDWAVHPGGKALIDGIQETMQLTEDQLRASREIYRTRGNSSSPTILSVLD
RLRTYEKKRGHVVAASFGPGMAIEMVMLKRCEVAGGER";"other";"Other";"cinnamoyl-coa";"1"
"11";"PhCHS";"other";"other";"Other";"cinnamoyl-coa";"1"
"12";"AiizPKS";"MAPNGSSPPGLYITGLGSQYPPYLLDPEKLEILAAQFYDVQRPGLRKLLRINRSSGIETR
SAIHTYDNGFATKSTAPSISELDQFYRQAGVDLAVQACEKALQDADVPPGKITHTIGVTC
TNQGNPGYDLLVNRKLGLPASVDRMLLHGVGCAGGLAIMRAAAQIACGGSARGKPVRILA
FACELCTPNVRHELAAAEEAADPADICIAGALFSDAAAAFVLCNEYAIVEDDARPVYELV
EWGNGLIPDTVEHMAFYADVDGYQTVLTREVPQYVKHAINPMFTSLLPSYQRLVQSVPDA
EDAQVGSQLGISDFDWALHPGGQAIIEGAKQVLELSEDQLHVSREIYRTRGNSASATVLI
VLDRLRSLGKREHVVATSFGPGLAIEMAMLRRCEIEKD";"Aspiiz1|328085";"Aspergillus";"2-chlorophenylacetyl-coa";"1"
"13";"AthePKS";"MTTQPALCITGLGHQYPPYLMTPDKFDQLAARFHDTERPGLKKLIQINHTTGIESRASIL
PYTTGFATQSIPPTITEINHFFRSAGVDLAVSACKKALRDARTPPAKITHTVAVTATNQG
CPGYDLLVAKKLGLRLSSSSARPALDRTLLSGVGCAGGLSVLRTAAQLACGASARGKPAR
ILAYACELCMPNGRHDLAEVAREGDPDGISIVAALFSDAAGAVVLCNEVALAEDREGGAD
PDSEDEDEEAVRPVYRLLQWGHDVIPDTIEHMGFTTEGDGYHTTLTRAVPEHVKKAIGPI
FSTLLPSYQQQLQSCTPETINKADQQLTIHDFEFALHPGGEAIIDGAKEVLGLTEDQIKV
TRETYRTKGNSSSPTVLILLDKLRSEANRKRENVVAASFGPGMTIEMAMLRRCEDDE";"Aspth1|366720";"Aspergillus";"2-chlorophenylacetyl-coa";"0"
"14";"AastPKS";"MGNSLSSSPSPGQSPQPEIQLRGDEAIITGIATEWPSRLIGPEELNKYALKFYPENPPWL
QKLLMLNTKTGIETRAVIDLWDDPRWLGDQPPTAEEVDAAFREYGVELAKKAALKALRES
NIDPSSVTHMVSVTATNAGAPGYDQLVARDLGLPDRTERVLLSGVGCAGGCASLRLASAL
ADAATHRKKAARILIVACELCSIQIRSELHAASQSPITRIGPVIFSDGAAALVVCNSLGM
SDKTPKQFAIVDDKSVTTSETQEEMSVKVSTYGFLATFSKKIPELAIGSMKAPLQSLLQS
NGMSSASPTDFYWALHPGGRAIIEGVQAAFNLPEDSLSASYEIYKTRGNSSSVSILAVLE
KVREKKLQTPNVVACSFGTGIRTEIALLRRMA";"Aspaste1|20971";"Aspergillus";"2-chlorophenylacetyl-coa";"0"
"15";"XacuPKS1";"MGANWSSPGETENHDGSRQEMSDRLTITGLGSEWPDLLVGPKHLQEYAESIYPADAPWLQ
KLLTVNAQTGVQTRAVLECWNDPMWRGPVPPTIEQVHEAFDKYAPPLTAGAARRALNESG
IAASAVTHMVSVTATNCKCPGYDHLVAKELGISGDAERSLISGSGCAGGLAALRVANSMA
CAASLRGRPARILVVACELSSINLRAELEAAHKSGKLRIGAALFSDGAAAVVLCNDLALT
EKTPRLFTIADWCQNVAAETYDEVSVTTVSQGFLVYLSRTLPKHAAAAVHRPLQRLFGQK
DLPSPTECDWALHAGGAAIIQGVAKSVGIPDHQLRATSAVYSTRGNTASVTVLAVLDKLR
TMGPGTEDVVMCSFGPGLTVEMARLKRHC
";"Xylacu1|452307";"Endophytes";"2-chlorophenylacetyl-coa";"1"
"16";"HargPKS1";">CDS_3939
MGATWSSTEEIDNADGSKQEFSDRLTITGLGSEWPKLLVGAEQLREYAESIYPADAPWLQ
KLLMVNAQTGVKTRAVLECWNDPMWRGPVPPTIEQVHEAFDKYAPPLTAGAARRALSESG
IAASAITHMVSVTATNCKCPGYDHLVAKELGISGDAERSLIAGSGCAGGLAALRVANSMA
NGATLRGRPARILVVACELSSINLRAELEAANQSGKLRIGGALFSDGAAAVVLCNDLALT
EKMPRLFTIADWCQNVAAETYDEVSVTTVSQGFLVYLSRTLPKHAAAAVHRPLERLFGKK
DLPSPKECDWALHAGGAAIIQGVQKSVGIPDHQLRATSAVYSTRGNTASVTVLAVLDKLR
TMGPGTDDVVMCSFGPGLTVEMARLKRHC";"Hyparg1|454749";"Endophytes";"2-chlorophenylacetyl-coa";"1"
"17";"HypPKS";">CDS_6803
MASTNTFGELGLSIVGLGAQYPPNSLKPDELHKLATKyPDSPAMQKVLDINKYTGIETR
SSIGTSDHPVVNQPDAPSIAELHKVFISDGVPLAIEASRKAILEAGIDLSEITHIVSTTC
TDSANPGFDHFVAKGLGVTHSVEKVLLHGVGCAGGLAVLRTAANLALGHAMRRKPARILC
VTLEVSTTMVRSELNSINELQETRIGAALFSDCASALILSNGIGRPTAAPVYELLGWDHK
ILPESELDLGFDVDPVGWKVVLSPRVPKLATEILKPSFLELLESVPGLPAEYREAPDFDW
AMHPGGLTILTGAEKMMGISPEHMRASYDRYMNHGNSSSATIFSVMDRLRSKDMDAIAPG
GRPRDFVVGCAFGPGIAVEMCMLKRNMGRLGIQTPPETDSEASRSEAGTPGSEKTQGEQR
PTLGDEMFINEALANVELD
";"HyNC0597_1|672645";"Endophytes";"2-chlorophenylacetyl-coa";"0"
"18";"PficPKS";"METTNAFGELGLSIIGIASQYPPHSLKPDQVQHLAERFYPDSPAMQKVLSINRYTGIDTR
ASIGTSDHPLVNAKEAPSIAELHRTFMTDGVPLAVAASRKAISEAGIQLSDITHVVATTC
TDSANPGFDHFVLKELGVTHQVEKVLLHGVGCSGGLATLRTAANLALGHAARRKPARILC
VALEVSTTMVRSELDSVNQTQETRIGVTLFSDCGSAVILSNGLGQRTADPVYELLGWEHK
VIPDTDHDLGFDVDPVGWKVVLSPRVPKLAAQVLQPTFSELMRDVPDMGPKYREAADFDW
AMHPGGATILTGAEKAMSITPEHMRASYMTYMNHGNSSSATIFSVMDKLRSKGMDEMAPG
GRAKDFVVGCAFGPGITVEMCMLKRNLGITRPHDIQTPPDTDSEASASDVDATSEWASED
PKESVPDTPEPEMIEPVASHSRDEDFINEALSRVELD";"Pesfi1|10058";"Endophytes";"2-chlorophenylacetyl-coa";"0"
"19";"DhelPKS";"MASPNRFGQLGLSILGVGSQYPPHNLKPDAIDTLATRFYPDSPSMKKMRAINQFTGIDTR
SSIGNPDHPVVNFPGPPSIAQLHEVFMSAGVPLAVSAARKAIAEAKIDLNEITHVVSTTC
TDSANPGYDHFVCEKLGVSNQVERVLLHGVGCAGGLTALRTAANLALGHTFRGKPARILV
LALEVSTTMVRSELESIDKLQETRIGVCLFSDGASAVVLSNGLGKASGPPVYDYLGWDNR
IIPDTTSDLGFDVDPVGWKVILTPRVPKIAQGALQETFSDLMSSLSLPPPWDDAKPSDFD
WAMHPGGATILSGAEKALGLVPEHMRASYDTYINHGNSSSATIFSVLDRLRSKDMDACTP
DGRGPKDHIVGCAFGPGVAVEMCMLKRHFPPGAEGTGLQTPPETESEESSERSDDGEASV
RSDDLDVEDEAAAVHTRRADAGVDSFIAQAISSVELD
";"Diahe1|3921";"Endophytes";"2-chlorophenylacetyl-coa";"0"
"20";"FerePKS";"MSPSAMHNKVTPPYHRPNLYVHGIGVEYPPYEIKPEHLATLARRFYPSTPALEKVLRINE
YTGIDSRSAIGNIDHPIANAPEPPTIAELCDVFLDHGVKLSIDACRKAVKQWGGDLSEIT
HVVATTCTNSANPGYDHYVIKGLGLNPSIEKILLHGVGCSGGLGALRTAANIALGSSFRR
KPARILVFACEISSTLVRSELDSIHKNQEVRIGVTLFSDCASAVVLGNGFSDRYDEEPIL
ELLGWDHKVIEDTEKDLGFDVDPLGWKVVLTQRVPKLASAAVPGMFEDLVGSIPELVDLG
KFKASDYDWALHPGGATVITGVERAMNLKPELLRASYEVYITHGNSSSATIFSVMNRLLE
GETKDHIVACAFGPGIAVEMMMLKRSNQGSDSGTESPTETLVAEDVD";"Foner1|4724";"Other";"2-chlorophenylacetyl-coa";"1"
"21";"TtonPKS";"MPASKCANSPLVAPGLFIVSLGSQYPPYLLNHEKLTCFAERFYDIRRPGLRKLLQINAST
GIETRSSIRCYETGFACDSVPPSIADLDELFRRDGVDLTVQACMKAMKEAGVLPEQITHT
VGVTCTNQGNPGYDLLVNEKLGLPERTSRILLHGVGCAGGLSIMRVASQVACGETMRKRP
ACILAYACELCTPNVRHDLAEAEQCTDLSKVNIAGALFSDAAAAFILCNRTALEGINASP
IFELIEWDYALIPDTMQHLTSYTDPYGFRSVLTKDIPTYARAAIGPMFHRLLPSYEEQVF
AADMQLGVVNFDWAVHPGGKALIDGIQETMQLTEDQLRASREIYRTRGNSSSPTILSVLD
RLRTYEKKRGHVVAASFGPGMAIEMVMLKRCEVAGGER";"other";"Other";"2-chlorophenylacetyl-coa";"1"
"22";"PhCHS";"other";"other";"Other";"2-chlorophenylacetyl-coa";"1"
"23";"AiizPKS";"MAPNGSSPPGLYITGLGSQYPPYLLDPEKLEILAAQFYDVQRPGLRKLLRINRSSGIETR
SAIHTYDNGFATKSTAPSISELDQFYRQAGVDLAVQACEKALQDADVPPGKITHTIGVTC
TNQGNPGYDLLVNRKLGLPASVDRMLLHGVGCAGGLAIMRAAAQIACGGSARGKPVRILA
FACELCTPNVRHELAAAEEAADPADICIAGALFSDAAAAFVLCNEYAIVEDDARPVYELV
EWGNGLIPDTVEHMAFYADVDGYQTVLTREVPQYVKHAINPMFTSLLPSYQRLVQSVPDA
EDAQVGSQLGISDFDWALHPGGQAIIEGAKQVLELSEDQLHVSREIYRTRGNSASATVLI
VLDRLRSLGKREHVVATSFGPGLAIEMAMLRRCEIEKD";"Aspiiz1|328085";"Aspergillus";"2-furoyl-coa";"1"
"24";"AthePKS";"MTTQPALCITGLGHQYPPYLMTPDKFDQLAARFHDTERPGLKKLIQINHTTGIESRASIL
PYTTGFATQSIPPTITEINHFFRSAGVDLAVSACKKALRDARTPPAKITHTVAVTATNQG
CPGYDLLVAKKLGLRLSSSSARPALDRTLLSGVGCAGGLSVLRTAAQLACGASARGKPAR
ILAYACELCMPNGRHDLAEVAREGDPDGISIVAALFSDAAGAVVLCNEVALAEDREGGAD
PDSEDEDEEAVRPVYRLLQWGHDVIPDTIEHMGFTTEGDGYHTTLTRAVPEHVKKAIGPI
FSTLLPSYQQQLQSCTPETINKADQQLTIHDFEFALHPGGEAIIDGAKEVLGLTEDQIKV
TRETYRTKGNSSSPTVLILLDKLRSEANRKRENVVAASFGPGMTIEMAMLRRCEDDE";"Aspth1|366720";"Aspergillus";"2-furoyl-coa";"0"
"25";"AastPKS";"MGNSLSSSPSPGQSPQPEIQLRGDEAIITGIATEWPSRLIGPEELNKYALKFYPENPPWL
QKLLMLNTKTGIETRAVIDLWDDPRWLGDQPPTAEEVDAAFREYGVELAKKAALKALRES
NIDPSSVTHMVSVTATNAGAPGYDQLVARDLGLPDRTERVLLSGVGCAGGCASLRLASAL
ADAATHRKKAARILIVACELCSIQIRSELHAASQSPITRIGPVIFSDGAAALVVCNSLGM
SDKTPKQFAIVDDKSVTTSETQEEMSVKVSTYGFLATFSKKIPELAIGSMKAPLQSLLQS
NGMSSASPTDFYWALHPGGRAIIEGVQAAFNLPEDSLSASYEIYKTRGNSSSVSILAVLE
KVREKKLQTPNVVACSFGTGIRTEIALLRRMA";"Aspaste1|20971";"Aspergillus";"2-furoyl-coa";"1"
"26";"XacuPKS1";"MGANWSSPGETENHDGSRQEMSDRLTITGLGSEWPDLLVGPKHLQEYAESIYPADAPWLQ
KLLTVNAQTGVQTRAVLECWNDPMWRGPVPPTIEQVHEAFDKYAPPLTAGAARRALNESG
IAASAVTHMVSVTATNCKCPGYDHLVAKELGISGDAERSLISGSGCAGGLAALRVANSMA
CAASLRGRPARILVVACELSSINLRAELEAAHKSGKLRIGAALFSDGAAAVVLCNDLALT
EKTPRLFTIADWCQNVAAETYDEVSVTTVSQGFLVYLSRTLPKHAAAAVHRPLQRLFGQK
DLPSPTECDWALHAGGAAIIQGVAKSVGIPDHQLRATSAVYSTRGNTASVTVLAVLDKLR
TMGPGTEDVVMCSFGPGLTVEMARLKRHC
";"Xylacu1|452307";"Endophytes";"2-furoyl-coa";"0"
"27";"HargPKS1";">CDS_3939
MGATWSSTEEIDNADGSKQEFSDRLTITGLGSEWPKLLVGAEQLREYAESIYPADAPWLQ
KLLMVNAQTGVKTRAVLECWNDPMWRGPVPPTIEQVHEAFDKYAPPLTAGAARRALSESG
IAASAITHMVSVTATNCKCPGYDHLVAKELGISGDAERSLIAGSGCAGGLAALRVANSMA
NGATLRGRPARILVVACELSSINLRAELEAANQSGKLRIGGALFSDGAAAVVLCNDLALT
EKMPRLFTIADWCQNVAAETYDEVSVTTVSQGFLVYLSRTLPKHAAAAVHRPLERLFGKK
DLPSPKECDWALHAGGAAIIQGVQKSVGIPDHQLRATSAVYSTRGNTASVTVLAVLDKLR
TMGPGTDDVVMCSFGPGLTVEMARLKRHC";"Hyparg1|454749";"Endophytes";"2-furoyl-coa";"0"
"28";"HypPKS";">CDS_6803
MASTNTFGELGLSIVGLGAQYPPNSLKPDELHKLATKyPDSPAMQKVLDINKYTGIETR
SSIGTSDHPVVNQPDAPSIAELHKVFISDGVPLAIEASRKAILEAGIDLSEITHIVSTTC
TDSANPGFDHFVAKGLGVTHSVEKVLLHGVGCAGGLAVLRTAANLALGHAMRRKPARILC
VTLEVSTTMVRSELNSINELQETRIGAALFSDCASALILSNGIGRPTAAPVYELLGWDHK
ILPESELDLGFDVDPVGWKVVLSPRVPKLATEILKPSFLELLESVPGLPAEYREAPDFDW
AMHPGGLTILTGAEKMMGISPEHMRASYDRYMNHGNSSSATIFSVMDRLRSKDMDAIAPG
GRPRDFVVGCAFGPGIAVEMCMLKRNMGRLGIQTPPETDSEASRSEAGTPGSEKTQGEQR
PTLGDEMFINEALANVELD
";"HyNC0597_1|672645";"Endophytes";"2-furoyl-coa";"0"
"29";"PficPKS";"METTNAFGELGLSIIGIASQYPPHSLKPDQVQHLAERFYPDSPAMQKVLSINRYTGIDTR
ASIGTSDHPLVNAKEAPSIAELHRTFMTDGVPLAVAASRKAISEAGIQLSDITHVVATTC
TDSANPGFDHFVLKELGVTHQVEKVLLHGVGCSGGLATLRTAANLALGHAARRKPARILC
VALEVSTTMVRSELDSVNQTQETRIGVTLFSDCGSAVILSNGLGQRTADPVYELLGWEHK
VIPDTDHDLGFDVDPVGWKVVLSPRVPKLAAQVLQPTFSELMRDVPDMGPKYREAADFDW
AMHPGGATILTGAEKAMSITPEHMRASYMTYMNHGNSSSATIFSVMDKLRSKGMDEMAPG
GRAKDFVVGCAFGPGITVEMCMLKRNLGITRPHDIQTPPDTDSEASASDVDATSEWASED
PKESVPDTPEPEMIEPVASHSRDEDFINEALSRVELD";"Pesfi1|10058";"Endophytes";"2-furoyl-coa";"0"
"30";"DhelPKS";"MASPNRFGQLGLSILGVGSQYPPHNLKPDAIDTLATRFYPDSPSMKKMRAINQFTGIDTR
SSIGNPDHPVVNFPGPPSIAQLHEVFMSAGVPLAVSAARKAIAEAKIDLNEITHVVSTTC
TDSANPGYDHFVCEKLGVSNQVERVLLHGVGCAGGLTALRTAANLALGHTFRGKPARILV
LALEVSTTMVRSELESIDKLQETRIGVCLFSDGASAVVLSNGLGKASGPPVYDYLGWDNR
IIPDTTSDLGFDVDPVGWKVILTPRVPKIAQGALQETFSDLMSSLSLPPPWDDAKPSDFD
WAMHPGGATILSGAEKALGLVPEHMRASYDTYINHGNSSSATIFSVLDRLRSKDMDACTP
DGRGPKDHIVGCAFGPGVAVEMCMLKRHFPPGAEGTGLQTPPETESEESSERSDDGEASV
RSDDLDVEDEAAAVHTRRADAGVDSFIAQAISSVELD
";"Diahe1|3921";"Endophytes";"2-furoyl-coa";"0"
"31";"FerePKS";"MSPSAMHNKVTPPYHRPNLYVHGIGVEYPPYEIKPEHLATLARRFYPSTPALEKVLRINE
YTGIDSRSAIGNIDHPIANAPEPPTIAELCDVFLDHGVKLSIDACRKAVKQWGGDLSEIT
HVVATTCTNSANPGYDHYVIKGLGLNPSIEKILLHGVGCSGGLGALRTAANIALGSSFRR
KPARILVFACEISSTLVRSELDSIHKNQEVRIGVTLFSDCASAVVLGNGFSDRYDEEPIL
ELLGWDHKVIEDTEKDLGFDVDPLGWKVVLTQRVPKLASAAVPGMFEDLVGSIPELVDLG
KFKASDYDWALHPGGATVITGVERAMNLKPELLRASYEVYITHGNSSSATIFSVMNRLLE
GETKDHIVACAFGPGIAVEMMMLKRSNQGSDSGTESPTETLVAEDVD";"Foner1|4724";"Other";"2-furoyl-coa";"1"
"32";"TtonPKS";"MPASKCANSPLVAPGLFIVSLGSQYPPYLLNHEKLTCFAERFYDIRRPGLRKLLQINAST
GIETRSSIRCYETGFACDSVPPSIADLDELFRRDGVDLTVQACMKAMKEAGVLPEQITHT
VGVTCTNQGNPGYDLLVNEKLGLPERTSRILLHGVGCAGGLSIMRVASQVACGETMRKRP
ACILAYACELCTPNVRHDLAEAEQCTDLSKVNIAGALFSDAAAAFILCNRTALEGINASP
IFELIEWDYALIPDTMQHLTSYTDPYGFRSVLTKDIPTYARAAIGPMFHRLLPSYEEQVF
AADMQLGVVNFDWAVHPGGKALIDGIQETMQLTEDQLRASREIYRTRGNSSSPTILSVLD
RLRTYEKKRGHVVAASFGPGMAIEMVMLKRCEVAGGER";"other";"Other";"2-furoyl-coa";"1"
"33";"PhCHS";"other";"other";"Other";"2-furoyl-coa";"1"
"34";"AiizPKS";"MAPNGSSPPGLYITGLGSQYPPYLLDPEKLEILAAQFYDVQRPGLRKLLRINRSSGIETR
SAIHTYDNGFATKSTAPSISELDQFYRQAGVDLAVQACEKALQDADVPPGKITHTIGVTC
TNQGNPGYDLLVNRKLGLPASVDRMLLHGVGCAGGLAIMRAAAQIACGGSARGKPVRILA
FACELCTPNVRHELAAAEEAADPADICIAGALFSDAAAAFVLCNEYAIVEDDARPVYELV
EWGNGLIPDTVEHMAFYADVDGYQTVLTREVPQYVKHAINPMFTSLLPSYQRLVQSVPDA
EDAQVGSQLGISDFDWALHPGGQAIIEGAKQVLELSEDQLHVSREIYRTRGNSASATVLI
VLDRLRSLGKREHVVATSFGPGLAIEMAMLRRCEIEKD";"Aspiiz1|328085";"Aspergillus";"cyclohexanoyl-coa";"1"
"35";"AthePKS";"MTTQPALCITGLGHQYPPYLMTPDKFDQLAARFHDTERPGLKKLIQINHTTGIESRASIL
PYTTGFATQSIPPTITEINHFFRSAGVDLAVSACKKALRDARTPPAKITHTVAVTATNQG
CPGYDLLVAKKLGLRLSSSSARPALDRTLLSGVGCAGGLSVLRTAAQLACGASARGKPAR
ILAYACELCMPNGRHDLAEVAREGDPDGISIVAALFSDAAGAVVLCNEVALAEDREGGAD
PDSEDEDEEAVRPVYRLLQWGHDVIPDTIEHMGFTTEGDGYHTTLTRAVPEHVKKAIGPI
FSTLLPSYQQQLQSCTPETINKADQQLTIHDFEFALHPGGEAIIDGAKEVLGLTEDQIKV
TRETYRTKGNSSSPTVLILLDKLRSEANRKRENVVAASFGPGMTIEMAMLRRCEDDE";"Aspth1|366720";"Aspergillus";"cyclohexanoyl-coa";"1"
"36";"AastPKS";"MGNSLSSSPSPGQSPQPEIQLRGDEAIITGIATEWPSRLIGPEELNKYALKFYPENPPWL
QKLLMLNTKTGIETRAVIDLWDDPRWLGDQPPTAEEVDAAFREYGVELAKKAALKALRES
NIDPSSVTHMVSVTATNAGAPGYDQLVARDLGLPDRTERVLLSGVGCAGGCASLRLASAL
ADAATHRKKAARILIVACELCSIQIRSELHAASQSPITRIGPVIFSDGAAALVVCNSLGM
SDKTPKQFAIVDDKSVTTSETQEEMSVKVSTYGFLATFSKKIPELAIGSMKAPLQSLLQS
NGMSSASPTDFYWALHPGGRAIIEGVQAAFNLPEDSLSASYEIYKTRGNSSSVSILAVLE
KVREKKLQTPNVVACSFGTGIRTEIALLRRMA";"Aspaste1|20971";"Aspergillus";"cyclohexanoyl-coa";"1"
"37";"XacuPKS1";"MGANWSSPGETENHDGSRQEMSDRLTITGLGSEWPDLLVGPKHLQEYAESIYPADAPWLQ
KLLTVNAQTGVQTRAVLECWNDPMWRGPVPPTIEQVHEAFDKYAPPLTAGAARRALNESG
IAASAVTHMVSVTATNCKCPGYDHLVAKELGISGDAERSLISGSGCAGGLAALRVANSMA
CAASLRGRPARILVVACELSSINLRAELEAAHKSGKLRIGAALFSDGAAAVVLCNDLALT
EKTPRLFTIADWCQNVAAETYDEVSVTTVSQGFLVYLSRTLPKHAAAAVHRPLQRLFGQK
DLPSPTECDWALHAGGAAIIQGVAKSVGIPDHQLRATSAVYSTRGNTASVTVLAVLDKLR
TMGPGTEDVVMCSFGPGLTVEMARLKRHC
";"Xylacu1|452307";"Endophytes";"cyclohexanoyl-coa";"1"
"38";"HargPKS1";">CDS_3939
MGATWSSTEEIDNADGSKQEFSDRLTITGLGSEWPKLLVGAEQLREYAESIYPADAPWLQ
KLLMVNAQTGVKTRAVLECWNDPMWRGPVPPTIEQVHEAFDKYAPPLTAGAARRALSESG
IAASAITHMVSVTATNCKCPGYDHLVAKELGISGDAERSLIAGSGCAGGLAALRVANSMA
NGATLRGRPARILVVACELSSINLRAELEAANQSGKLRIGGALFSDGAAAVVLCNDLALT
EKMPRLFTIADWCQNVAAETYDEVSVTTVSQGFLVYLSRTLPKHAAAAVHRPLERLFGKK
DLPSPKECDWALHAGGAAIIQGVQKSVGIPDHQLRATSAVYSTRGNTASVTVLAVLDKLR
TMGPGTDDVVMCSFGPGLTVEMARLKRHC";"Hyparg1|454749";"Endophytes";"cyclohexanoyl-coa";"1"
"39";"HypPKS";">CDS_6803
MASTNTFGELGLSIVGLGAQYPPNSLKPDELHKLATKyPDSPAMQKVLDINKYTGIETR
SSIGTSDHPVVNQPDAPSIAELHKVFISDGVPLAIEASRKAILEAGIDLSEITHIVSTTC
TDSANPGFDHFVAKGLGVTHSVEKVLLHGVGCAGGLAVLRTAANLALGHAMRRKPARILC
VTLEVSTTMVRSELNSINELQETRIGAALFSDCASALILSNGIGRPTAAPVYELLGWDHK
ILPESELDLGFDVDPVGWKVVLSPRVPKLATEILKPSFLELLESVPGLPAEYREAPDFDW
AMHPGGLTILTGAEKMMGISPEHMRASYDRYMNHGNSSSATIFSVMDRLRSKDMDAIAPG
GRPRDFVVGCAFGPGIAVEMCMLKRNMGRLGIQTPPETDSEASRSEAGTPGSEKTQGEQR
PTLGDEMFINEALANVELD
";"HyNC0597_1|672645";"Endophytes";"cyclohexanoyl-coa";"1"
"40";"PficPKS";"METTNAFGELGLSIIGIASQYPPHSLKPDQVQHLAERFYPDSPAMQKVLSINRYTGIDTR
ASIGTSDHPLVNAKEAPSIAELHRTFMTDGVPLAVAASRKAISEAGIQLSDITHVVATTC
TDSANPGFDHFVLKELGVTHQVEKVLLHGVGCSGGLATLRTAANLALGHAARRKPARILC
VALEVSTTMVRSELDSVNQTQETRIGVTLFSDCGSAVILSNGLGQRTADPVYELLGWEHK
VIPDTDHDLGFDVDPVGWKVVLSPRVPKLAAQVLQPTFSELMRDVPDMGPKYREAADFDW
AMHPGGATILTGAEKAMSITPEHMRASYMTYMNHGNSSSATIFSVMDKLRSKGMDEMAPG
GRAKDFVVGCAFGPGITVEMCMLKRNLGITRPHDIQTPPDTDSEASASDVDATSEWASED
PKESVPDTPEPEMIEPVASHSRDEDFINEALSRVELD";"Pesfi1|10058";"Endophytes";"cyclohexanoyl-coa";"1"
"41";"DhelPKS";"MASPNRFGQLGLSILGVGSQYPPHNLKPDAIDTLATRFYPDSPSMKKMRAINQFTGIDTR
SSIGNPDHPVVNFPGPPSIAQLHEVFMSAGVPLAVSAARKAIAEAKIDLNEITHVVSTTC
TDSANPGYDHFVCEKLGVSNQVERVLLHGVGCAGGLTALRTAANLALGHTFRGKPARILV
LALEVSTTMVRSELESIDKLQETRIGVCLFSDGASAVVLSNGLGKASGPPVYDYLGWDNR
IIPDTTSDLGFDVDPVGWKVILTPRVPKIAQGALQETFSDLMSSLSLPPPWDDAKPSDFD
WAMHPGGATILSGAEKALGLVPEHMRASYDTYINHGNSSSATIFSVLDRLRSKDMDACTP
DGRGPKDHIVGCAFGPGVAVEMCMLKRHFPPGAEGTGLQTPPETESEESSERSDDGEASV
RSDDLDVEDEAAAVHTRRADAGVDSFIAQAISSVELD
";"Diahe1|3921";"Endophytes";"cyclohexanoyl-coa";"1"
"42";"FerePKS";"MSPSAMHNKVTPPYHRPNLYVHGIGVEYPPYEIKPEHLATLARRFYPSTPALEKVLRINE
YTGIDSRSAIGNIDHPIANAPEPPTIAELCDVFLDHGVKLSIDACRKAVKQWGGDLSEIT
HVVATTCTNSANPGYDHYVIKGLGLNPSIEKILLHGVGCSGGLGALRTAANIALGSSFRR
KPARILVFACEISSTLVRSELDSIHKNQEVRIGVTLFSDCASAVVLGNGFSDRYDEEPIL
ELLGWDHKVIEDTEKDLGFDVDPLGWKVVLTQRVPKLASAAVPGMFEDLVGSIPELVDLG
KFKASDYDWALHPGGATVITGVERAMNLKPELLRASYEVYITHGNSSSATIFSVMNRLLE
GETKDHIVACAFGPGIAVEMMMLKRSNQGSDSGTESPTETLVAEDVD";"Foner1|4724";"Other";"cyclohexanoyl-coa";"1"
"43";"TtonPKS";"MPASKCANSPLVAPGLFIVSLGSQYPPYLLNHEKLTCFAERFYDIRRPGLRKLLQINAST
GIETRSSIRCYETGFACDSVPPSIADLDELFRRDGVDLTVQACMKAMKEAGVLPEQITHT
VGVTCTNQGNPGYDLLVNEKLGLPERTSRILLHGVGCAGGLSIMRVASQVACGETMRKRP
ACILAYACELCTPNVRHDLAEAEQCTDLSKVNIAGALFSDAAAAFILCNRTALEGINASP
IFELIEWDYALIPDTMQHLTSYTDPYGFRSVLTKDIPTYARAAIGPMFHRLLPSYEEQVF
AADMQLGVVNFDWAVHPGGKALIDGIQETMQLTEDQLRASREIYRTRGNSSSPTILSVLD
RLRTYEKKRGHVVAASFGPGMAIEMVMLKRCEVAGGER";"other";"Other";"cyclohexanoyl-coa";"1"
"44";"PhCHS";"other";"other";"Other";"cyclohexanoyl-coa";"1"
"45";"AiizPKS";"MAPNGSSPPGLYITGLGSQYPPYLLDPEKLEILAAQFYDVQRPGLRKLLRINRSSGIETR
SAIHTYDNGFATKSTAPSISELDQFYRQAGVDLAVQACEKALQDADVPPGKITHTIGVTC
TNQGNPGYDLLVNRKLGLPASVDRMLLHGVGCAGGLAIMRAAAQIACGGSARGKPVRILA
FACELCTPNVRHELAAAEEAADPADICIAGALFSDAAAAFVLCNEYAIVEDDARPVYELV
EWGNGLIPDTVEHMAFYADVDGYQTVLTREVPQYVKHAINPMFTSLLPSYQRLVQSVPDA
EDAQVGSQLGISDFDWALHPGGQAIIEGAKQVLELSEDQLHVSREIYRTRGNSASATVLI
VLDRLRSLGKREHVVATSFGPGLAIEMAMLRRCEIEKD";"Aspiiz1|328085";"Aspergillus";"4-fluorophenylacetyl-coa";"1"
"46";"AthePKS";"MTTQPALCITGLGHQYPPYLMTPDKFDQLAARFHDTERPGLKKLIQINHTTGIESRASIL
PYTTGFATQSIPPTITEINHFFRSAGVDLAVSACKKALRDARTPPAKITHTVAVTATNQG
CPGYDLLVAKKLGLRLSSSSARPALDRTLLSGVGCAGGLSVLRTAAQLACGASARGKPAR
ILAYACELCMPNGRHDLAEVAREGDPDGISIVAALFSDAAGAVVLCNEVALAEDREGGAD
PDSEDEDEEAVRPVYRLLQWGHDVIPDTIEHMGFTTEGDGYHTTLTRAVPEHVKKAIGPI
FSTLLPSYQQQLQSCTPETINKADQQLTIHDFEFALHPGGEAIIDGAKEVLGLTEDQIKV
TRETYRTKGNSSSPTVLILLDKLRSEANRKRENVVAASFGPGMTIEMAMLRRCEDDE";"Aspth1|366720";"Aspergillus";"4-fluorophenylacetyl-coa";"0"
"47";"AastPKS";"MGNSLSSSPSPGQSPQPEIQLRGDEAIITGIATEWPSRLIGPEELNKYALKFYPENPPWL
QKLLMLNTKTGIETRAVIDLWDDPRWLGDQPPTAEEVDAAFREYGVELAKKAALKALRES
NIDPSSVTHMVSVTATNAGAPGYDQLVARDLGLPDRTERVLLSGVGCAGGCASLRLASAL
ADAATHRKKAARILIVACELCSIQIRSELHAASQSPITRIGPVIFSDGAAALVVCNSLGM
SDKTPKQFAIVDDKSVTTSETQEEMSVKVSTYGFLATFSKKIPELAIGSMKAPLQSLLQS
NGMSSASPTDFYWALHPGGRAIIEGVQAAFNLPEDSLSASYEIYKTRGNSSSVSILAVLE
KVREKKLQTPNVVACSFGTGIRTEIALLRRMA";"Aspaste1|20971";"Aspergillus";"4-fluorophenylacetyl-coa";"0"
"48";"XacuPKS1";"MGANWSSPGETENHDGSRQEMSDRLTITGLGSEWPDLLVGPKHLQEYAESIYPADAPWLQ
KLLTVNAQTGVQTRAVLECWNDPMWRGPVPPTIEQVHEAFDKYAPPLTAGAARRALNESG
IAASAVTHMVSVTATNCKCPGYDHLVAKELGISGDAERSLISGSGCAGGLAALRVANSMA
CAASLRGRPARILVVACELSSINLRAELEAAHKSGKLRIGAALFSDGAAAVVLCNDLALT
EKTPRLFTIADWCQNVAAETYDEVSVTTVSQGFLVYLSRTLPKHAAAAVHRPLQRLFGQK
DLPSPTECDWALHAGGAAIIQGVAKSVGIPDHQLRATSAVYSTRGNTASVTVLAVLDKLR
TMGPGTEDVVMCSFGPGLTVEMARLKRHC
";"Xylacu1|452307";"Endophytes";"4-fluorophenylacetyl-coa";"1"
"49";"HargPKS1";">CDS_3939
MGATWSSTEEIDNADGSKQEFSDRLTITGLGSEWPKLLVGAEQLREYAESIYPADAPWLQ
KLLMVNAQTGVKTRAVLECWNDPMWRGPVPPTIEQVHEAFDKYAPPLTAGAARRALSESG
IAASAITHMVSVTATNCKCPGYDHLVAKELGISGDAERSLIAGSGCAGGLAALRVANSMA
NGATLRGRPARILVVACELSSINLRAELEAANQSGKLRIGGALFSDGAAAVVLCNDLALT
EKMPRLFTIADWCQNVAAETYDEVSVTTVSQGFLVYLSRTLPKHAAAAVHRPLERLFGKK
DLPSPKECDWALHAGGAAIIQGVQKSVGIPDHQLRATSAVYSTRGNTASVTVLAVLDKLR
TMGPGTDDVVMCSFGPGLTVEMARLKRHC";"Hyparg1|454749";"Endophytes";"4-fluorophenylacetyl-coa";"1"
"50";"HypPKS";">CDS_6803
MASTNTFGELGLSIVGLGAQYPPNSLKPDELHKLATKyPDSPAMQKVLDINKYTGIETR
SSIGTSDHPVVNQPDAPSIAELHKVFISDGVPLAIEASRKAILEAGIDLSEITHIVSTTC
TDSANPGFDHFVAKGLGVTHSVEKVLLHGVGCAGGLAVLRTAANLALGHAMRRKPARILC
VTLEVSTTMVRSELNSINELQETRIGAALFSDCASALILSNGIGRPTAAPVYELLGWDHK
ILPESELDLGFDVDPVGWKVVLSPRVPKLATEILKPSFLELLESVPGLPAEYREAPDFDW
AMHPGGLTILTGAEKMMGISPEHMRASYDRYMNHGNSSSATIFSVMDRLRSKDMDAIAPG
GRPRDFVVGCAFGPGIAVEMCMLKRNMGRLGIQTPPETDSEASRSEAGTPGSEKTQGEQR
PTLGDEMFINEALANVELD
";"HyNC0597_1|672645";"Endophytes";"4-fluorophenylacetyl-coa";"1"
"51";"PficPKS";"METTNAFGELGLSIIGIASQYPPHSLKPDQVQHLAERFYPDSPAMQKVLSINRYTGIDTR
ASIGTSDHPLVNAKEAPSIAELHRTFMTDGVPLAVAASRKAISEAGIQLSDITHVVATTC
TDSANPGFDHFVLKELGVTHQVEKVLLHGVGCSGGLATLRTAANLALGHAARRKPARILC
VALEVSTTMVRSELDSVNQTQETRIGVTLFSDCGSAVILSNGLGQRTADPVYELLGWEHK
VIPDTDHDLGFDVDPVGWKVVLSPRVPKLAAQVLQPTFSELMRDVPDMGPKYREAADFDW
AMHPGGATILTGAEKAMSITPEHMRASYMTYMNHGNSSSATIFSVMDKLRSKGMDEMAPG
GRAKDFVVGCAFGPGITVEMCMLKRNLGITRPHDIQTPPDTDSEASASDVDATSEWASED
PKESVPDTPEPEMIEPVASHSRDEDFINEALSRVELD";"Pesfi1|10058";"Endophytes";"4-fluorophenylacetyl-coa";"0"
"52";"DhelPKS";"MASPNRFGQLGLSILGVGSQYPPHNLKPDAIDTLATRFYPDSPSMKKMRAINQFTGIDTR
SSIGNPDHPVVNFPGPPSIAQLHEVFMSAGVPLAVSAARKAIAEAKIDLNEITHVVSTTC
TDSANPGYDHFVCEKLGVSNQVERVLLHGVGCAGGLTALRTAANLALGHTFRGKPARILV
LALEVSTTMVRSELESIDKLQETRIGVCLFSDGASAVVLSNGLGKASGPPVYDYLGWDNR
IIPDTTSDLGFDVDPVGWKVILTPRVPKIAQGALQETFSDLMSSLSLPPPWDDAKPSDFD
WAMHPGGATILSGAEKALGLVPEHMRASYDTYINHGNSSSATIFSVLDRLRSKDMDACTP
DGRGPKDHIVGCAFGPGVAVEMCMLKRHFPPGAEGTGLQTPPETESEESSERSDDGEASV
RSDDLDVEDEAAAVHTRRADAGVDSFIAQAISSVELD
";"Diahe1|3921";"Endophytes";"4-fluorophenylacetyl-coa";"0"
"53";"FerePKS";"MSPSAMHNKVTPPYHRPNLYVHGIGVEYPPYEIKPEHLATLARRFYPSTPALEKVLRINE
YTGIDSRSAIGNIDHPIANAPEPPTIAELCDVFLDHGVKLSIDACRKAVKQWGGDLSEIT
HVVATTCTNSANPGYDHYVIKGLGLNPSIEKILLHGVGCSGGLGALRTAANIALGSSFRR
KPARILVFACEISSTLVRSELDSIHKNQEVRIGVTLFSDCASAVVLGNGFSDRYDEEPIL
ELLGWDHKVIEDTEKDLGFDVDPLGWKVVLTQRVPKLASAAVPGMFEDLVGSIPELVDLG
KFKASDYDWALHPGGATVITGVERAMNLKPELLRASYEVYITHGNSSSATIFSVMNRLLE
GETKDHIVACAFGPGIAVEMMMLKRSNQGSDSGTESPTETLVAEDVD";"Foner1|4724";"Other";"4-fluorophenylacetyl-coa";"1"
"54";"TtonPKS";"MPASKCANSPLVAPGLFIVSLGSQYPPYLLNHEKLTCFAERFYDIRRPGLRKLLQINAST
GIETRSSIRCYETGFACDSVPPSIADLDELFRRDGVDLTVQACMKAMKEAGVLPEQITHT
VGVTCTNQGNPGYDLLVNEKLGLPERTSRILLHGVGCAGGLSIMRVASQVACGETMRKRP
ACILAYACELCTPNVRHDLAEAEQCTDLSKVNIAGALFSDAAAAFILCNRTALEGINASP
IFELIEWDYALIPDTMQHLTSYTDPYGFRSVLTKDIPTYARAAIGPMFHRLLPSYEEQVF
AADMQLGVVNFDWAVHPGGKALIDGIQETMQLTEDQLRASREIYRTRGNSSSPTILSVLD
RLRTYEKKRGHVVAASFGPGMAIEMVMLKRCEVAGGER";"other";"Other";"4-fluorophenylacetyl-coa";"1"
"55";"PhCHS";"other";"other";"Other";"4-fluorophenylacetyl-coa";"1"
"56";"AiizPKS";"MAPNGSSPPGLYITGLGSQYPPYLLDPEKLEILAAQFYDVQRPGLRKLLRINRSSGIETR
SAIHTYDNGFATKSTAPSISELDQFYRQAGVDLAVQACEKALQDADVPPGKITHTIGVTC
TNQGNPGYDLLVNRKLGLPASVDRMLLHGVGCAGGLAIMRAAAQIACGGSARGKPVRILA
FACELCTPNVRHELAAAEEAADPADICIAGALFSDAAAAFVLCNEYAIVEDDARPVYELV
EWGNGLIPDTVEHMAFYADVDGYQTVLTREVPQYVKHAINPMFTSLLPSYQRLVQSVPDA
EDAQVGSQLGISDFDWALHPGGQAIIEGAKQVLELSEDQLHVSREIYRTRGNSASATVLI
VLDRLRSLGKREHVVATSFGPGLAIEMAMLRRCEIEKD";"Aspiiz1|328085";"Aspergillus";"3-fluorobenzoyl-coa";"1"
"57";"AthePKS";"MTTQPALCITGLGHQYPPYLMTPDKFDQLAARFHDTERPGLKKLIQINHTTGIESRASIL
PYTTGFATQSIPPTITEINHFFRSAGVDLAVSACKKALRDARTPPAKITHTVAVTATNQG
CPGYDLLVAKKLGLRLSSSSARPALDRTLLSGVGCAGGLSVLRTAAQLACGASARGKPAR
ILAYACELCMPNGRHDLAEVAREGDPDGISIVAALFSDAAGAVVLCNEVALAEDREGGAD
PDSEDEDEEAVRPVYRLLQWGHDVIPDTIEHMGFTTEGDGYHTTLTRAVPEHVKKAIGPI
FSTLLPSYQQQLQSCTPETINKADQQLTIHDFEFALHPGGEAIIDGAKEVLGLTEDQIKV
TRETYRTKGNSSSPTVLILLDKLRSEANRKRENVVAASFGPGMTIEMAMLRRCEDDE";"Aspth1|366720";"Aspergillus";"3-fluorobenzoyl-coa";"0"
"58";"AastPKS";"MGNSLSSSPSPGQSPQPEIQLRGDEAIITGIATEWPSRLIGPEELNKYALKFYPENPPWL
QKLLMLNTKTGIETRAVIDLWDDPRWLGDQPPTAEEVDAAFREYGVELAKKAALKALRES
NIDPSSVTHMVSVTATNAGAPGYDQLVARDLGLPDRTERVLLSGVGCAGGCASLRLASAL
ADAATHRKKAARILIVACELCSIQIRSELHAASQSPITRIGPVIFSDGAAALVVCNSLGM
SDKTPKQFAIVDDKSVTTSETQEEMSVKVSTYGFLATFSKKIPELAIGSMKAPLQSLLQS
NGMSSASPTDFYWALHPGGRAIIEGVQAAFNLPEDSLSASYEIYKTRGNSSSVSILAVLE
KVREKKLQTPNVVACSFGTGIRTEIALLRRMA";"Aspaste1|20971";"Aspergillus";"3-fluorobenzoyl-coa";"1"
"59";"XacuPKS1";"MGANWSSPGETENHDGSRQEMSDRLTITGLGSEWPDLLVGPKHLQEYAESIYPADAPWLQ
KLLTVNAQTGVQTRAVLECWNDPMWRGPVPPTIEQVHEAFDKYAPPLTAGAARRALNESG
IAASAVTHMVSVTATNCKCPGYDHLVAKELGISGDAERSLISGSGCAGGLAALRVANSMA
CAASLRGRPARILVVACELSSINLRAELEAAHKSGKLRIGAALFSDGAAAVVLCNDLALT
EKTPRLFTIADWCQNVAAETYDEVSVTTVSQGFLVYLSRTLPKHAAAAVHRPLQRLFGQK
DLPSPTECDWALHAGGAAIIQGVAKSVGIPDHQLRATSAVYSTRGNTASVTVLAVLDKLR
TMGPGTEDVVMCSFGPGLTVEMARLKRHC
";"Xylacu1|452307";"Endophytes";"3-fluorobenzoyl-coa";"0"
"60";"HargPKS1";">CDS_3939
MGATWSSTEEIDNADGSKQEFSDRLTITGLGSEWPKLLVGAEQLREYAESIYPADAPWLQ
KLLMVNAQTGVKTRAVLECWNDPMWRGPVPPTIEQVHEAFDKYAPPLTAGAARRALSESG
IAASAITHMVSVTATNCKCPGYDHLVAKELGISGDAERSLIAGSGCAGGLAALRVANSMA
NGATLRGRPARILVVACELSSINLRAELEAANQSGKLRIGGALFSDGAAAVVLCNDLALT
EKMPRLFTIADWCQNVAAETYDEVSVTTVSQGFLVYLSRTLPKHAAAAVHRPLERLFGKK
DLPSPKECDWALHAGGAAIIQGVQKSVGIPDHQLRATSAVYSTRGNTASVTVLAVLDKLR
TMGPGTDDVVMCSFGPGLTVEMARLKRHC";"Hyparg1|454749";"Endophytes";"3-fluorobenzoyl-coa";"0"
"61";"HypPKS";">CDS_6803
MASTNTFGELGLSIVGLGAQYPPNSLKPDELHKLATKyPDSPAMQKVLDINKYTGIETR
SSIGTSDHPVVNQPDAPSIAELHKVFISDGVPLAIEASRKAILEAGIDLSEITHIVSTTC
TDSANPGFDHFVAKGLGVTHSVEKVLLHGVGCAGGLAVLRTAANLALGHAMRRKPARILC
VTLEVSTTMVRSELNSINELQETRIGAALFSDCASALILSNGIGRPTAAPVYELLGWDHK
ILPESELDLGFDVDPVGWKVVLSPRVPKLATEILKPSFLELLESVPGLPAEYREAPDFDW
AMHPGGLTILTGAEKMMGISPEHMRASYDRYMNHGNSSSATIFSVMDRLRSKDMDAIAPG
GRPRDFVVGCAFGPGIAVEMCMLKRNMGRLGIQTPPETDSEASRSEAGTPGSEKTQGEQR
PTLGDEMFINEALANVELD
";"HyNC0597_1|672645";"Endophytes";"3-fluorobenzoyl-coa";"0"
"62";"PficPKS";"METTNAFGELGLSIIGIASQYPPHSLKPDQVQHLAERFYPDSPAMQKVLSINRYTGIDTR
ASIGTSDHPLVNAKEAPSIAELHRTFMTDGVPLAVAASRKAISEAGIQLSDITHVVATTC
TDSANPGFDHFVLKELGVTHQVEKVLLHGVGCSGGLATLRTAANLALGHAARRKPARILC
VALEVSTTMVRSELDSVNQTQETRIGVTLFSDCGSAVILSNGLGQRTADPVYELLGWEHK
VIPDTDHDLGFDVDPVGWKVVLSPRVPKLAAQVLQPTFSELMRDVPDMGPKYREAADFDW
AMHPGGATILTGAEKAMSITPEHMRASYMTYMNHGNSSSATIFSVMDKLRSKGMDEMAPG
GRAKDFVVGCAFGPGITVEMCMLKRNLGITRPHDIQTPPDTDSEASASDVDATSEWASED
PKESVPDTPEPEMIEPVASHSRDEDFINEALSRVELD";"Pesfi1|10058";"Endophytes";"3-fluorobenzoyl-coa";"0"
"63";"DhelPKS";"MASPNRFGQLGLSILGVGSQYPPHNLKPDAIDTLATRFYPDSPSMKKMRAINQFTGIDTR
SSIGNPDHPVVNFPGPPSIAQLHEVFMSAGVPLAVSAARKAIAEAKIDLNEITHVVSTTC
TDSANPGYDHFVCEKLGVSNQVERVLLHGVGCAGGLTALRTAANLALGHTFRGKPARILV
LALEVSTTMVRSELESIDKLQETRIGVCLFSDGASAVVLSNGLGKASGPPVYDYLGWDNR
IIPDTTSDLGFDVDPVGWKVILTPRVPKIAQGALQETFSDLMSSLSLPPPWDDAKPSDFD
WAMHPGGATILSGAEKALGLVPEHMRASYDTYINHGNSSSATIFSVLDRLRSKDMDACTP
DGRGPKDHIVGCAFGPGVAVEMCMLKRHFPPGAEGTGLQTPPETESEESSERSDDGEASV
RSDDLDVEDEAAAVHTRRADAGVDSFIAQAISSVELD
";"Diahe1|3921";"Endophytes";"3-fluorobenzoyl-coa";"0"
"64";"FerePKS";"MSPSAMHNKVTPPYHRPNLYVHGIGVEYPPYEIKPEHLATLARRFYPSTPALEKVLRINE
YTGIDSRSAIGNIDHPIANAPEPPTIAELCDVFLDHGVKLSIDACRKAVKQWGGDLSEIT
HVVATTCTNSANPGYDHYVIKGLGLNPSIEKILLHGVGCSGGLGALRTAANIALGSSFRR
KPARILVFACEISSTLVRSELDSIHKNQEVRIGVTLFSDCASAVVLGNGFSDRYDEEPIL
ELLGWDHKVIEDTEKDLGFDVDPLGWKVVLTQRVPKLASAAVPGMFEDLVGSIPELVDLG
KFKASDYDWALHPGGATVITGVERAMNLKPELLRASYEVYITHGNSSSATIFSVMNRLLE
GETKDHIVACAFGPGIAVEMMMLKRSNQGSDSGTESPTETLVAEDVD";"Foner1|4724";"Other";"3-fluorobenzoyl-coa";"1"
"65";"TtonPKS";"MPASKCANSPLVAPGLFIVSLGSQYPPYLLNHEKLTCFAERFYDIRRPGLRKLLQINAST
GIETRSSIRCYETGFACDSVPPSIADLDELFRRDGVDLTVQACMKAMKEAGVLPEQITHT
VGVTCTNQGNPGYDLLVNEKLGLPERTSRILLHGVGCAGGLSIMRVASQVACGETMRKRP
ACILAYACELCTPNVRHDLAEAEQCTDLSKVNIAGALFSDAAAAFILCNRTALEGINASP
IFELIEWDYALIPDTMQHLTSYTDPYGFRSVLTKDIPTYARAAIGPMFHRLLPSYEEQVF
AADMQLGVVNFDWAVHPGGKALIDGIQETMQLTEDQLRASREIYRTRGNSSSPTILSVLD
RLRTYEKKRGHVVAASFGPGMAIEMVMLKRCEVAGGER";"other";"Other";"3-fluorobenzoyl-coa";"1"
"66";"PhCHS";"other";"other";"Other";"3-fluorobenzoyl-coa";"1"
"67";"AiizPKS";"MAPNGSSPPGLYITGLGSQYPPYLLDPEKLEILAAQFYDVQRPGLRKLLRINRSSGIETR
SAIHTYDNGFATKSTAPSISELDQFYRQAGVDLAVQACEKALQDADVPPGKITHTIGVTC
TNQGNPGYDLLVNRKLGLPASVDRMLLHGVGCAGGLAIMRAAAQIACGGSARGKPVRILA
FACELCTPNVRHELAAAEEAADPADICIAGALFSDAAAAFVLCNEYAIVEDDARPVYELV
EWGNGLIPDTVEHMAFYADVDGYQTVLTREVPQYVKHAINPMFTSLLPSYQRLVQSVPDA
EDAQVGSQLGISDFDWALHPGGQAIIEGAKQVLELSEDQLHVSREIYRTRGNSASATVLI
VLDRLRSLGKREHVVATSFGPGLAIEMAMLRRCEIEKD";"Aspiiz1|328085";"Aspergillus";"thiazole-4-carboxylyl-coa";"1"
"68";"AthePKS";"MTTQPALCITGLGHQYPPYLMTPDKFDQLAARFHDTERPGLKKLIQINHTTGIESRASIL
PYTTGFATQSIPPTITEINHFFRSAGVDLAVSACKKALRDARTPPAKITHTVAVTATNQG
CPGYDLLVAKKLGLRLSSSSARPALDRTLLSGVGCAGGLSVLRTAAQLACGASARGKPAR
ILAYACELCMPNGRHDLAEVAREGDPDGISIVAALFSDAAGAVVLCNEVALAEDREGGAD
PDSEDEDEEAVRPVYRLLQWGHDVIPDTIEHMGFTTEGDGYHTTLTRAVPEHVKKAIGPI
FSTLLPSYQQQLQSCTPETINKADQQLTIHDFEFALHPGGEAIIDGAKEVLGLTEDQIKV
TRETYRTKGNSSSPTVLILLDKLRSEANRKRENVVAASFGPGMTIEMAMLRRCEDDE";"Aspth1|366720";"Aspergillus";"thiazole-4-carboxylyl-coa";"0"
"69";"AastPKS";"MGNSLSSSPSPGQSPQPEIQLRGDEAIITGIATEWPSRLIGPEELNKYALKFYPENPPWL
QKLLMLNTKTGIETRAVIDLWDDPRWLGDQPPTAEEVDAAFREYGVELAKKAALKALRES
NIDPSSVTHMVSVTATNAGAPGYDQLVARDLGLPDRTERVLLSGVGCAGGCASLRLASAL
ADAATHRKKAARILIVACELCSIQIRSELHAASQSPITRIGPVIFSDGAAALVVCNSLGM
SDKTPKQFAIVDDKSVTTSETQEEMSVKVSTYGFLATFSKKIPELAIGSMKAPLQSLLQS
NGMSSASPTDFYWALHPGGRAIIEGVQAAFNLPEDSLSASYEIYKTRGNSSSVSILAVLE
KVREKKLQTPNVVACSFGTGIRTEIALLRRMA";"Aspaste1|20971";"Aspergillus";"thiazole-4-carboxylyl-coa";"1"
"70";"XacuPKS1";"MGANWSSPGETENHDGSRQEMSDRLTITGLGSEWPDLLVGPKHLQEYAESIYPADAPWLQ
KLLTVNAQTGVQTRAVLECWNDPMWRGPVPPTIEQVHEAFDKYAPPLTAGAARRALNESG
IAASAVTHMVSVTATNCKCPGYDHLVAKELGISGDAERSLISGSGCAGGLAALRVANSMA
CAASLRGRPARILVVACELSSINLRAELEAAHKSGKLRIGAALFSDGAAAVVLCNDLALT
EKTPRLFTIADWCQNVAAETYDEVSVTTVSQGFLVYLSRTLPKHAAAAVHRPLQRLFGQK
DLPSPTECDWALHAGGAAIIQGVAKSVGIPDHQLRATSAVYSTRGNTASVTVLAVLDKLR
TMGPGTEDVVMCSFGPGLTVEMARLKRHC
";"Xylacu1|452307";"Endophytes";"thiazole-4-carboxylyl-coa";"0"
"71";"HargPKS1";">CDS_3939
MGATWSSTEEIDNADGSKQEFSDRLTITGLGSEWPKLLVGAEQLREYAESIYPADAPWLQ
KLLMVNAQTGVKTRAVLECWNDPMWRGPVPPTIEQVHEAFDKYAPPLTAGAARRALSESG
IAASAITHMVSVTATNCKCPGYDHLVAKELGISGDAERSLIAGSGCAGGLAALRVANSMA
NGATLRGRPARILVVACELSSINLRAELEAANQSGKLRIGGALFSDGAAAVVLCNDLALT
EKMPRLFTIADWCQNVAAETYDEVSVTTVSQGFLVYLSRTLPKHAAAAVHRPLERLFGKK
DLPSPKECDWALHAGGAAIIQGVQKSVGIPDHQLRATSAVYSTRGNTASVTVLAVLDKLR
TMGPGTDDVVMCSFGPGLTVEMARLKRHC";"Hyparg1|454749";"Endophytes";"thiazole-4-carboxylyl-coa";"0"
"72";"HypPKS";">CDS_6803
MASTNTFGELGLSIVGLGAQYPPNSLKPDELHKLATKyPDSPAMQKVLDINKYTGIETR
SSIGTSDHPVVNQPDAPSIAELHKVFISDGVPLAIEASRKAILEAGIDLSEITHIVSTTC
TDSANPGFDHFVAKGLGVTHSVEKVLLHGVGCAGGLAVLRTAANLALGHAMRRKPARILC
VTLEVSTTMVRSELNSINELQETRIGAALFSDCASALILSNGIGRPTAAPVYELLGWDHK
ILPESELDLGFDVDPVGWKVVLSPRVPKLATEILKPSFLELLESVPGLPAEYREAPDFDW
AMHPGGLTILTGAEKMMGISPEHMRASYDRYMNHGNSSSATIFSVMDRLRSKDMDAIAPG
GRPRDFVVGCAFGPGIAVEMCMLKRNMGRLGIQTPPETDSEASRSEAGTPGSEKTQGEQR
PTLGDEMFINEALANVELD
";"HyNC0597_1|672645";"Endophytes";"thiazole-4-carboxylyl-coa";"0"
"73";"PficPKS";"METTNAFGELGLSIIGIASQYPPHSLKPDQVQHLAERFYPDSPAMQKVLSINRYTGIDTR
ASIGTSDHPLVNAKEAPSIAELHRTFMTDGVPLAVAASRKAISEAGIQLSDITHVVATTC
TDSANPGFDHFVLKELGVTHQVEKVLLHGVGCSGGLATLRTAANLALGHAARRKPARILC
VALEVSTTMVRSELDSVNQTQETRIGVTLFSDCGSAVILSNGLGQRTADPVYELLGWEHK
VIPDTDHDLGFDVDPVGWKVVLSPRVPKLAAQVLQPTFSELMRDVPDMGPKYREAADFDW
AMHPGGATILTGAEKAMSITPEHMRASYMTYMNHGNSSSATIFSVMDKLRSKGMDEMAPG
GRAKDFVVGCAFGPGITVEMCMLKRNLGITRPHDIQTPPDTDSEASASDVDATSEWASED
PKESVPDTPEPEMIEPVASHSRDEDFINEALSRVELD";"Pesfi1|10058";"Endophytes";"thiazole-4-carboxylyl-coa";"0"
"74";"DhelPKS";"MASPNRFGQLGLSILGVGSQYPPHNLKPDAIDTLATRFYPDSPSMKKMRAINQFTGIDTR
SSIGNPDHPVVNFPGPPSIAQLHEVFMSAGVPLAVSAARKAIAEAKIDLNEITHVVSTTC
TDSANPGYDHFVCEKLGVSNQVERVLLHGVGCAGGLTALRTAANLALGHTFRGKPARILV
LALEVSTTMVRSELESIDKLQETRIGVCLFSDGASAVVLSNGLGKASGPPVYDYLGWDNR
IIPDTTSDLGFDVDPVGWKVILTPRVPKIAQGALQETFSDLMSSLSLPPPWDDAKPSDFD
WAMHPGGATILSGAEKALGLVPEHMRASYDTYINHGNSSSATIFSVLDRLRSKDMDACTP
DGRGPKDHIVGCAFGPGVAVEMCMLKRHFPPGAEGTGLQTPPETESEESSERSDDGEASV
RSDDLDVEDEAAAVHTRRADAGVDSFIAQAISSVELD
";"Diahe1|3921";"Endophytes";"thiazole-4-carboxylyl-coa";"0"
"75";"FerePKS";"MSPSAMHNKVTPPYHRPNLYVHGIGVEYPPYEIKPEHLATLARRFYPSTPALEKVLRINE
YTGIDSRSAIGNIDHPIANAPEPPTIAELCDVFLDHGVKLSIDACRKAVKQWGGDLSEIT
HVVATTCTNSANPGYDHYVIKGLGLNPSIEKILLHGVGCSGGLGALRTAANIALGSSFRR
KPARILVFACEISSTLVRSELDSIHKNQEVRIGVTLFSDCASAVVLGNGFSDRYDEEPIL
ELLGWDHKVIEDTEKDLGFDVDPLGWKVVLTQRVPKLASAAVPGMFEDLVGSIPELVDLG
KFKASDYDWALHPGGATVITGVERAMNLKPELLRASYEVYITHGNSSSATIFSVMNRLLE
GETKDHIVACAFGPGIAVEMMMLKRSNQGSDSGTESPTETLVAEDVD";"Foner1|4724";"Other";"thiazole-4-carboxylyl-coa";"1"
"76";"TtonPKS";"MPASKCANSPLVAPGLFIVSLGSQYPPYLLNHEKLTCFAERFYDIRRPGLRKLLQINAST
GIETRSSIRCYETGFACDSVPPSIADLDELFRRDGVDLTVQACMKAMKEAGVLPEQITHT
VGVTCTNQGNPGYDLLVNEKLGLPERTSRILLHGVGCAGGLSIMRVASQVACGETMRKRP
ACILAYACELCTPNVRHDLAEAEQCTDLSKVNIAGALFSDAAAAFILCNRTALEGINASP
IFELIEWDYALIPDTMQHLTSYTDPYGFRSVLTKDIPTYARAAIGPMFHRLLPSYEEQVF
AADMQLGVVNFDWAVHPGGKALIDGIQETMQLTEDQLRASREIYRTRGNSSSPTILSVLD
RLRTYEKKRGHVVAASFGPGMAIEMVMLKRCEVAGGER";"other";"Other";"thiazole-4-carboxylyl-coa";"1"
"77";"PhCHS";"other";"other";"Other";"thiazole-4-carboxylyl-coa";"0"
"78";"AiizPKS";"MAPNGSSPPGLYITGLGSQYPPYLLDPEKLEILAAQFYDVQRPGLRKLLRINRSSGIETR
SAIHTYDNGFATKSTAPSISELDQFYRQAGVDLAVQACEKALQDADVPPGKITHTIGVTC
TNQGNPGYDLLVNRKLGLPASVDRMLLHGVGCAGGLAIMRAAAQIACGGSARGKPVRILA
FACELCTPNVRHELAAAEEAADPADICIAGALFSDAAAAFVLCNEYAIVEDDARPVYELV
EWGNGLIPDTVEHMAFYADVDGYQTVLTREVPQYVKHAINPMFTSLLPSYQRLVQSVPDA
EDAQVGSQLGISDFDWALHPGGQAIIEGAKQVLELSEDQLHVSREIYRTRGNSASATVLI
VLDRLRSLGKREHVVATSFGPGLAIEMAMLRRCEIEKD";"Aspiiz1|328085";"Aspergillus";"4-pentynoyl-coa";"1"
"79";"AthePKS";"MTTQPALCITGLGHQYPPYLMTPDKFDQLAARFHDTERPGLKKLIQINHTTGIESRASIL
PYTTGFATQSIPPTITEINHFFRSAGVDLAVSACKKALRDARTPPAKITHTVAVTATNQG
CPGYDLLVAKKLGLRLSSSSARPALDRTLLSGVGCAGGLSVLRTAAQLACGASARGKPAR
ILAYACELCMPNGRHDLAEVAREGDPDGISIVAALFSDAAGAVVLCNEVALAEDREGGAD
PDSEDEDEEAVRPVYRLLQWGHDVIPDTIEHMGFTTEGDGYHTTLTRAVPEHVKKAIGPI
FSTLLPSYQQQLQSCTPETINKADQQLTIHDFEFALHPGGEAIIDGAKEVLGLTEDQIKV
TRETYRTKGNSSSPTVLILLDKLRSEANRKRENVVAASFGPGMTIEMAMLRRCEDDE";"Aspth1|366720";"Aspergillus";"4-pentynoyl-coa";"0"
"80";"AastPKS";"MGNSLSSSPSPGQSPQPEIQLRGDEAIITGIATEWPSRLIGPEELNKYALKFYPENPPWL
QKLLMLNTKTGIETRAVIDLWDDPRWLGDQPPTAEEVDAAFREYGVELAKKAALKALRES
NIDPSSVTHMVSVTATNAGAPGYDQLVARDLGLPDRTERVLLSGVGCAGGCASLRLASAL
ADAATHRKKAARILIVACELCSIQIRSELHAASQSPITRIGPVIFSDGAAALVVCNSLGM
SDKTPKQFAIVDDKSVTTSETQEEMSVKVSTYGFLATFSKKIPELAIGSMKAPLQSLLQS
NGMSSASPTDFYWALHPGGRAIIEGVQAAFNLPEDSLSASYEIYKTRGNSSSVSILAVLE
KVREKKLQTPNVVACSFGTGIRTEIALLRRMA";"Aspaste1|20971";"Aspergillus";"4-pentynoyl-coa";"1"
"81";"XacuPKS1";"MGANWSSPGETENHDGSRQEMSDRLTITGLGSEWPDLLVGPKHLQEYAESIYPADAPWLQ
KLLTVNAQTGVQTRAVLECWNDPMWRGPVPPTIEQVHEAFDKYAPPLTAGAARRALNESG
IAASAVTHMVSVTATNCKCPGYDHLVAKELGISGDAERSLISGSGCAGGLAALRVANSMA
CAASLRGRPARILVVACELSSINLRAELEAAHKSGKLRIGAALFSDGAAAVVLCNDLALT
EKTPRLFTIADWCQNVAAETYDEVSVTTVSQGFLVYLSRTLPKHAAAAVHRPLQRLFGQK
DLPSPTECDWALHAGGAAIIQGVAKSVGIPDHQLRATSAVYSTRGNTASVTVLAVLDKLR
TMGPGTEDVVMCSFGPGLTVEMARLKRHC
";"Xylacu1|452307";"Endophytes";"4-pentynoyl-coa";"1"
"82";"HargPKS1";">CDS_3939
MGATWSSTEEIDNADGSKQEFSDRLTITGLGSEWPKLLVGAEQLREYAESIYPADAPWLQ
KLLMVNAQTGVKTRAVLECWNDPMWRGPVPPTIEQVHEAFDKYAPPLTAGAARRALSESG
IAASAITHMVSVTATNCKCPGYDHLVAKELGISGDAERSLIAGSGCAGGLAALRVANSMA
NGATLRGRPARILVVACELSSINLRAELEAANQSGKLRIGGALFSDGAAAVVLCNDLALT
EKMPRLFTIADWCQNVAAETYDEVSVTTVSQGFLVYLSRTLPKHAAAAVHRPLERLFGKK
DLPSPKECDWALHAGGAAIIQGVQKSVGIPDHQLRATSAVYSTRGNTASVTVLAVLDKLR
TMGPGTDDVVMCSFGPGLTVEMARLKRHC";"Hyparg1|454749";"Endophytes";"4-pentynoyl-coa";"1"
"83";"HypPKS";">CDS_6803
MASTNTFGELGLSIVGLGAQYPPNSLKPDELHKLATKyPDSPAMQKVLDINKYTGIETR
SSIGTSDHPVVNQPDAPSIAELHKVFISDGVPLAIEASRKAILEAGIDLSEITHIVSTTC
TDSANPGFDHFVAKGLGVTHSVEKVLLHGVGCAGGLAVLRTAANLALGHAMRRKPARILC
VTLEVSTTMVRSELNSINELQETRIGAALFSDCASALILSNGIGRPTAAPVYELLGWDHK
ILPESELDLGFDVDPVGWKVVLSPRVPKLATEILKPSFLELLESVPGLPAEYREAPDFDW
AMHPGGLTILTGAEKMMGISPEHMRASYDRYMNHGNSSSATIFSVMDRLRSKDMDAIAPG
GRPRDFVVGCAFGPGIAVEMCMLKRNMGRLGIQTPPETDSEASRSEAGTPGSEKTQGEQR
PTLGDEMFINEALANVELD
";"HyNC0597_1|672645";"Endophytes";"4-pentynoyl-coa";"1"
"84";"PficPKS";"METTNAFGELGLSIIGIASQYPPHSLKPDQVQHLAERFYPDSPAMQKVLSINRYTGIDTR
ASIGTSDHPLVNAKEAPSIAELHRTFMTDGVPLAVAASRKAISEAGIQLSDITHVVATTC
TDSANPGFDHFVLKELGVTHQVEKVLLHGVGCSGGLATLRTAANLALGHAARRKPARILC
VALEVSTTMVRSELDSVNQTQETRIGVTLFSDCGSAVILSNGLGQRTADPVYELLGWEHK
VIPDTDHDLGFDVDPVGWKVVLSPRVPKLAAQVLQPTFSELMRDVPDMGPKYREAADFDW
AMHPGGATILTGAEKAMSITPEHMRASYMTYMNHGNSSSATIFSVMDKLRSKGMDEMAPG
GRAKDFVVGCAFGPGITVEMCMLKRNLGITRPHDIQTPPDTDSEASASDVDATSEWASED
PKESVPDTPEPEMIEPVASHSRDEDFINEALSRVELD";"Pesfi1|10058";"Endophytes";"4-pentynoyl-coa";"1"
"85";"DhelPKS";"MASPNRFGQLGLSILGVGSQYPPHNLKPDAIDTLATRFYPDSPSMKKMRAINQFTGIDTR
SSIGNPDHPVVNFPGPPSIAQLHEVFMSAGVPLAVSAARKAIAEAKIDLNEITHVVSTTC
TDSANPGYDHFVCEKLGVSNQVERVLLHGVGCAGGLTALRTAANLALGHTFRGKPARILV
LALEVSTTMVRSELESIDKLQETRIGVCLFSDGASAVVLSNGLGKASGPPVYDYLGWDNR
IIPDTTSDLGFDVDPVGWKVILTPRVPKIAQGALQETFSDLMSSLSLPPPWDDAKPSDFD
WAMHPGGATILSGAEKALGLVPEHMRASYDTYINHGNSSSATIFSVLDRLRSKDMDACTP
DGRGPKDHIVGCAFGPGVAVEMCMLKRHFPPGAEGTGLQTPPETESEESSERSDDGEASV
RSDDLDVEDEAAAVHTRRADAGVDSFIAQAISSVELD
";"Diahe1|3921";"Endophytes";"4-pentynoyl-coa";"1"
"86";"FerePKS";"MSPSAMHNKVTPPYHRPNLYVHGIGVEYPPYEIKPEHLATLARRFYPSTPALEKVLRINE
YTGIDSRSAIGNIDHPIANAPEPPTIAELCDVFLDHGVKLSIDACRKAVKQWGGDLSEIT
HVVATTCTNSANPGYDHYVIKGLGLNPSIEKILLHGVGCSGGLGALRTAANIALGSSFRR
KPARILVFACEISSTLVRSELDSIHKNQEVRIGVTLFSDCASAVVLGNGFSDRYDEEPIL
ELLGWDHKVIEDTEKDLGFDVDPLGWKVVLTQRVPKLASAAVPGMFEDLVGSIPELVDLG
KFKASDYDWALHPGGATVITGVERAMNLKPELLRASYEVYITHGNSSSATIFSVMNRLLE
GETKDHIVACAFGPGIAVEMMMLKRSNQGSDSGTESPTETLVAEDVD";"Foner1|4724";"Other";"4-pentynoyl-coa";"1"
"87";"TtonPKS";"MPASKCANSPLVAPGLFIVSLGSQYPPYLLNHEKLTCFAERFYDIRRPGLRKLLQINAST
GIETRSSIRCYETGFACDSVPPSIADLDELFRRDGVDLTVQACMKAMKEAGVLPEQITHT
VGVTCTNQGNPGYDLLVNEKLGLPERTSRILLHGVGCAGGLSIMRVASQVACGETMRKRP
ACILAYACELCTPNVRHDLAEAEQCTDLSKVNIAGALFSDAAAAFILCNRTALEGINASP
IFELIEWDYALIPDTMQHLTSYTDPYGFRSVLTKDIPTYARAAIGPMFHRLLPSYEEQVF
AADMQLGVVNFDWAVHPGGKALIDGIQETMQLTEDQLRASREIYRTRGNSSSPTILSVLD
RLRTYEKKRGHVVAASFGPGMAIEMVMLKRCEVAGGER";"other";"Other";"4-pentynoyl-coa";"1"
"88";"PhCHS";"other";"other";"Other";"4-pentynoyl-coa";"1"
"89";"AiizPKS";"MAPNGSSPPGLYITGLGSQYPPYLLDPEKLEILAAQFYDVQRPGLRKLLRINRSSGIETR
SAIHTYDNGFATKSTAPSISELDQFYRQAGVDLAVQACEKALQDADVPPGKITHTIGVTC
TNQGNPGYDLLVNRKLGLPASVDRMLLHGVGCAGGLAIMRAAAQIACGGSARGKPVRILA
FACELCTPNVRHELAAAEEAADPADICIAGALFSDAAAAFVLCNEYAIVEDDARPVYELV
EWGNGLIPDTVEHMAFYADVDGYQTVLTREVPQYVKHAINPMFTSLLPSYQRLVQSVPDA
EDAQVGSQLGISDFDWALHPGGQAIIEGAKQVLELSEDQLHVSREIYRTRGNSASATVLI
VLDRLRSLGKREHVVATSFGPGLAIEMAMLRRCEIEKD";"Aspiiz1|328085";"Aspergillus";"2-amino-5-chlorobenzoyl-coa";"1"
"90";"AthePKS";"MTTQPALCITGLGHQYPPYLMTPDKFDQLAARFHDTERPGLKKLIQINHTTGIESRASIL
PYTTGFATQSIPPTITEINHFFRSAGVDLAVSACKKALRDARTPPAKITHTVAVTATNQG
CPGYDLLVAKKLGLRLSSSSARPALDRTLLSGVGCAGGLSVLRTAAQLACGASARGKPAR
ILAYACELCMPNGRHDLAEVAREGDPDGISIVAALFSDAAGAVVLCNEVALAEDREGGAD
PDSEDEDEEAVRPVYRLLQWGHDVIPDTIEHMGFTTEGDGYHTTLTRAVPEHVKKAIGPI
FSTLLPSYQQQLQSCTPETINKADQQLTIHDFEFALHPGGEAIIDGAKEVLGLTEDQIKV
TRETYRTKGNSSSPTVLILLDKLRSEANRKRENVVAASFGPGMTIEMAMLRRCEDDE";"Aspth1|366720";"Aspergillus";"2-amino-5-chlorobenzoyl-coa";"1"
"91";"AastPKS";"MGNSLSSSPSPGQSPQPEIQLRGDEAIITGIATEWPSRLIGPEELNKYALKFYPENPPWL
QKLLMLNTKTGIETRAVIDLWDDPRWLGDQPPTAEEVDAAFREYGVELAKKAALKALRES
NIDPSSVTHMVSVTATNAGAPGYDQLVARDLGLPDRTERVLLSGVGCAGGCASLRLASAL
ADAATHRKKAARILIVACELCSIQIRSELHAASQSPITRIGPVIFSDGAAALVVCNSLGM
SDKTPKQFAIVDDKSVTTSETQEEMSVKVSTYGFLATFSKKIPELAIGSMKAPLQSLLQS
NGMSSASPTDFYWALHPGGRAIIEGVQAAFNLPEDSLSASYEIYKTRGNSSSVSILAVLE
KVREKKLQTPNVVACSFGTGIRTEIALLRRMA";"Aspaste1|20971";"Aspergillus";"2-amino-5-chlorobenzoyl-coa";"1"
"92";"XacuPKS1";"MGANWSSPGETENHDGSRQEMSDRLTITGLGSEWPDLLVGPKHLQEYAESIYPADAPWLQ
KLLTVNAQTGVQTRAVLECWNDPMWRGPVPPTIEQVHEAFDKYAPPLTAGAARRALNESG
IAASAVTHMVSVTATNCKCPGYDHLVAKELGISGDAERSLISGSGCAGGLAALRVANSMA
CAASLRGRPARILVVACELSSINLRAELEAAHKSGKLRIGAALFSDGAAAVVLCNDLALT
EKTPRLFTIADWCQNVAAETYDEVSVTTVSQGFLVYLSRTLPKHAAAAVHRPLQRLFGQK
DLPSPTECDWALHAGGAAIIQGVAKSVGIPDHQLRATSAVYSTRGNTASVTVLAVLDKLR
TMGPGTEDVVMCSFGPGLTVEMARLKRHC
";"Xylacu1|452307";"Endophytes";"2-amino-5-chlorobenzoyl-coa";"0"
"93";"HargPKS1";">CDS_3939
MGATWSSTEEIDNADGSKQEFSDRLTITGLGSEWPKLLVGAEQLREYAESIYPADAPWLQ
KLLMVNAQTGVKTRAVLECWNDPMWRGPVPPTIEQVHEAFDKYAPPLTAGAARRALSESG
IAASAITHMVSVTATNCKCPGYDHLVAKELGISGDAERSLIAGSGCAGGLAALRVANSMA
NGATLRGRPARILVVACELSSINLRAELEAANQSGKLRIGGALFSDGAAAVVLCNDLALT
EKMPRLFTIADWCQNVAAETYDEVSVTTVSQGFLVYLSRTLPKHAAAAVHRPLERLFGKK
DLPSPKECDWALHAGGAAIIQGVQKSVGIPDHQLRATSAVYSTRGNTASVTVLAVLDKLR
TMGPGTDDVVMCSFGPGLTVEMARLKRHC";"Hyparg1|454749";"Endophytes";"2-amino-5-chlorobenzoyl-coa";"0"
"94";"HypPKS";">CDS_6803
MASTNTFGELGLSIVGLGAQYPPNSLKPDELHKLATKyPDSPAMQKVLDINKYTGIETR
SSIGTSDHPVVNQPDAPSIAELHKVFISDGVPLAIEASRKAILEAGIDLSEITHIVSTTC
TDSANPGFDHFVAKGLGVTHSVEKVLLHGVGCAGGLAVLRTAANLALGHAMRRKPARILC
VTLEVSTTMVRSELNSINELQETRIGAALFSDCASALILSNGIGRPTAAPVYELLGWDHK
ILPESELDLGFDVDPVGWKVVLSPRVPKLATEILKPSFLELLESVPGLPAEYREAPDFDW
AMHPGGLTILTGAEKMMGISPEHMRASYDRYMNHGNSSSATIFSVMDRLRSKDMDAIAPG
GRPRDFVVGCAFGPGIAVEMCMLKRNMGRLGIQTPPETDSEASRSEAGTPGSEKTQGEQR
PTLGDEMFINEALANVELD
";"HyNC0597_1|672645";"Endophytes";"2-amino-5-chlorobenzoyl-coa";"0"
"95";"PficPKS";"METTNAFGELGLSIIGIASQYPPHSLKPDQVQHLAERFYPDSPAMQKVLSINRYTGIDTR
ASIGTSDHPLVNAKEAPSIAELHRTFMTDGVPLAVAASRKAISEAGIQLSDITHVVATTC
TDSANPGFDHFVLKELGVTHQVEKVLLHGVGCSGGLATLRTAANLALGHAARRKPARILC
VALEVSTTMVRSELDSVNQTQETRIGVTLFSDCGSAVILSNGLGQRTADPVYELLGWEHK
VIPDTDHDLGFDVDPVGWKVVLSPRVPKLAAQVLQPTFSELMRDVPDMGPKYREAADFDW
AMHPGGATILTGAEKAMSITPEHMRASYMTYMNHGNSSSATIFSVMDKLRSKGMDEMAPG
GRAKDFVVGCAFGPGITVEMCMLKRNLGITRPHDIQTPPDTDSEASASDVDATSEWASED
PKESVPDTPEPEMIEPVASHSRDEDFINEALSRVELD";"Pesfi1|10058";"Endophytes";"2-amino-5-chlorobenzoyl-coa";"1"
"96";"DhelPKS";"MASPNRFGQLGLSILGVGSQYPPHNLKPDAIDTLATRFYPDSPSMKKMRAINQFTGIDTR
SSIGNPDHPVVNFPGPPSIAQLHEVFMSAGVPLAVSAARKAIAEAKIDLNEITHVVSTTC
TDSANPGYDHFVCEKLGVSNQVERVLLHGVGCAGGLTALRTAANLALGHTFRGKPARILV
LALEVSTTMVRSELESIDKLQETRIGVCLFSDGASAVVLSNGLGKASGPPVYDYLGWDNR
IIPDTTSDLGFDVDPVGWKVILTPRVPKIAQGALQETFSDLMSSLSLPPPWDDAKPSDFD
WAMHPGGATILSGAEKALGLVPEHMRASYDTYINHGNSSSATIFSVLDRLRSKDMDACTP
DGRGPKDHIVGCAFGPGVAVEMCMLKRHFPPGAEGTGLQTPPETESEESSERSDDGEASV
RSDDLDVEDEAAAVHTRRADAGVDSFIAQAISSVELD
";"Diahe1|3921";"Endophytes";"2-amino-5-chlorobenzoyl-coa";"0"
"97";"FerePKS";"MSPSAMHNKVTPPYHRPNLYVHGIGVEYPPYEIKPEHLATLARRFYPSTPALEKVLRINE
YTGIDSRSAIGNIDHPIANAPEPPTIAELCDVFLDHGVKLSIDACRKAVKQWGGDLSEIT
HVVATTCTNSANPGYDHYVIKGLGLNPSIEKILLHGVGCSGGLGALRTAANIALGSSFRR
KPARILVFACEISSTLVRSELDSIHKNQEVRIGVTLFSDCASAVVLGNGFSDRYDEEPIL
ELLGWDHKVIEDTEKDLGFDVDPLGWKVVLTQRVPKLASAAVPGMFEDLVGSIPELVDLG
KFKASDYDWALHPGGATVITGVERAMNLKPELLRASYEVYITHGNSSSATIFSVMNRLLE
GETKDHIVACAFGPGIAVEMMMLKRSNQGSDSGTESPTETLVAEDVD";"Foner1|4724";"Other";"2-amino-5-chlorobenzoyl-coa";"1"
"98";"TtonPKS";"MPASKCANSPLVAPGLFIVSLGSQYPPYLLNHEKLTCFAERFYDIRRPGLRKLLQINAST
GIETRSSIRCYETGFACDSVPPSIADLDELFRRDGVDLTVQACMKAMKEAGVLPEQITHT
VGVTCTNQGNPGYDLLVNEKLGLPERTSRILLHGVGCAGGLSIMRVASQVACGETMRKRP
ACILAYACELCTPNVRHDLAEAEQCTDLSKVNIAGALFSDAAAAFILCNRTALEGINASP
IFELIEWDYALIPDTMQHLTSYTDPYGFRSVLTKDIPTYARAAIGPMFHRLLPSYEEQVF
AADMQLGVVNFDWAVHPGGKALIDGIQETMQLTEDQLRASREIYRTRGNSSSPTILSVLD
RLRTYEKKRGHVVAASFGPGMAIEMVMLKRCEVAGGER";"other";"Other";"2-amino-5-chlorobenzoyl-coa";"0"
"99";"PhCHS";"other";"other";"Other";"2-amino-5-chlorobenzoyl-coa";"1"
"100";"AiizPKS";"MAPNGSSPPGLYITGLGSQYPPYLLDPEKLEILAAQFYDVQRPGLRKLLRINRSSGIETR
SAIHTYDNGFATKSTAPSISELDQFYRQAGVDLAVQACEKALQDADVPPGKITHTIGVTC
TNQGNPGYDLLVNRKLGLPASVDRMLLHGVGCAGGLAIMRAAAQIACGGSARGKPVRILA
FACELCTPNVRHELAAAEEAADPADICIAGALFSDAAAAFVLCNEYAIVEDDARPVYELV
EWGNGLIPDTVEHMAFYADVDGYQTVLTREVPQYVKHAINPMFTSLLPSYQRLVQSVPDA
EDAQVGSQLGISDFDWALHPGGQAIIEGAKQVLELSEDQLHVSREIYRTRGNSASATVLI
VLDRLRSLGKREHVVATSFGPGLAIEMAMLRRCEIEKD";"Aspiiz1|328085";"Aspergillus";"4-cyclohexyl-4-oxobutyryl-coa";"1"
"101";"AthePKS";"MTTQPALCITGLGHQYPPYLMTPDKFDQLAARFHDTERPGLKKLIQINHTTGIESRASIL
PYTTGFATQSIPPTITEINHFFRSAGVDLAVSACKKALRDARTPPAKITHTVAVTATNQG
CPGYDLLVAKKLGLRLSSSSARPALDRTLLSGVGCAGGLSVLRTAAQLACGASARGKPAR
ILAYACELCMPNGRHDLAEVAREGDPDGISIVAALFSDAAGAVVLCNEVALAEDREGGAD
PDSEDEDEEAVRPVYRLLQWGHDVIPDTIEHMGFTTEGDGYHTTLTRAVPEHVKKAIGPI
FSTLLPSYQQQLQSCTPETINKADQQLTIHDFEFALHPGGEAIIDGAKEVLGLTEDQIKV
TRETYRTKGNSSSPTVLILLDKLRSEANRKRENVVAASFGPGMTIEMAMLRRCEDDE";"Aspth1|366720";"Aspergillus";"4-cyclohexyl-4-oxobutyryl-coa";"1"
"102";"AastPKS";"MGNSLSSSPSPGQSPQPEIQLRGDEAIITGIATEWPSRLIGPEELNKYALKFYPENPPWL
QKLLMLNTKTGIETRAVIDLWDDPRWLGDQPPTAEEVDAAFREYGVELAKKAALKALRES
NIDPSSVTHMVSVTATNAGAPGYDQLVARDLGLPDRTERVLLSGVGCAGGCASLRLASAL
ADAATHRKKAARILIVACELCSIQIRSELHAASQSPITRIGPVIFSDGAAALVVCNSLGM
SDKTPKQFAIVDDKSVTTSETQEEMSVKVSTYGFLATFSKKIPELAIGSMKAPLQSLLQS
NGMSSASPTDFYWALHPGGRAIIEGVQAAFNLPEDSLSASYEIYKTRGNSSSVSILAVLE
KVREKKLQTPNVVACSFGTGIRTEIALLRRMA";"Aspaste1|20971";"Aspergillus";"4-cyclohexyl-4-oxobutyryl-coa";"1"
"103";"XacuPKS1";"MGANWSSPGETENHDGSRQEMSDRLTITGLGSEWPDLLVGPKHLQEYAESIYPADAPWLQ
KLLTVNAQTGVQTRAVLECWNDPMWRGPVPPTIEQVHEAFDKYAPPLTAGAARRALNESG
IAASAVTHMVSVTATNCKCPGYDHLVAKELGISGDAERSLISGSGCAGGLAALRVANSMA
CAASLRGRPARILVVACELSSINLRAELEAAHKSGKLRIGAALFSDGAAAVVLCNDLALT
EKTPRLFTIADWCQNVAAETYDEVSVTTVSQGFLVYLSRTLPKHAAAAVHRPLQRLFGQK
DLPSPTECDWALHAGGAAIIQGVAKSVGIPDHQLRATSAVYSTRGNTASVTVLAVLDKLR
TMGPGTEDVVMCSFGPGLTVEMARLKRHC
";"Xylacu1|452307";"Endophytes";"4-cyclohexyl-4-oxobutyryl-coa";"0"
"104";"HargPKS1";">CDS_3939
MGATWSSTEEIDNADGSKQEFSDRLTITGLGSEWPKLLVGAEQLREYAESIYPADAPWLQ
KLLMVNAQTGVKTRAVLECWNDPMWRGPVPPTIEQVHEAFDKYAPPLTAGAARRALSESG
IAASAITHMVSVTATNCKCPGYDHLVAKELGISGDAERSLIAGSGCAGGLAALRVANSMA
NGATLRGRPARILVVACELSSINLRAELEAANQSGKLRIGGALFSDGAAAVVLCNDLALT
EKMPRLFTIADWCQNVAAETYDEVSVTTVSQGFLVYLSRTLPKHAAAAVHRPLERLFGKK
DLPSPKECDWALHAGGAAIIQGVQKSVGIPDHQLRATSAVYSTRGNTASVTVLAVLDKLR
TMGPGTDDVVMCSFGPGLTVEMARLKRHC";"Hyparg1|454749";"Endophytes";"4-cyclohexyl-4-oxobutyryl-coa";"0"
"105";"HypPKS";">CDS_6803
MASTNTFGELGLSIVGLGAQYPPNSLKPDELHKLATKyPDSPAMQKVLDINKYTGIETR
SSIGTSDHPVVNQPDAPSIAELHKVFISDGVPLAIEASRKAILEAGIDLSEITHIVSTTC
TDSANPGFDHFVAKGLGVTHSVEKVLLHGVGCAGGLAVLRTAANLALGHAMRRKPARILC
VTLEVSTTMVRSELNSINELQETRIGAALFSDCASALILSNGIGRPTAAPVYELLGWDHK
ILPESELDLGFDVDPVGWKVVLSPRVPKLATEILKPSFLELLESVPGLPAEYREAPDFDW
AMHPGGLTILTGAEKMMGISPEHMRASYDRYMNHGNSSSATIFSVMDRLRSKDMDAIAPG
GRPRDFVVGCAFGPGIAVEMCMLKRNMGRLGIQTPPETDSEASRSEAGTPGSEKTQGEQR
PTLGDEMFINEALANVELD
";"HyNC0597_1|672645";"Endophytes";"4-cyclohexyl-4-oxobutyryl-coa";"0"
"106";"PficPKS";"METTNAFGELGLSIIGIASQYPPHSLKPDQVQHLAERFYPDSPAMQKVLSINRYTGIDTR
ASIGTSDHPLVNAKEAPSIAELHRTFMTDGVPLAVAASRKAISEAGIQLSDITHVVATTC
TDSANPGFDHFVLKELGVTHQVEKVLLHGVGCSGGLATLRTAANLALGHAARRKPARILC
VALEVSTTMVRSELDSVNQTQETRIGVTLFSDCGSAVILSNGLGQRTADPVYELLGWEHK
VIPDTDHDLGFDVDPVGWKVVLSPRVPKLAAQVLQPTFSELMRDVPDMGPKYREAADFDW
AMHPGGATILTGAEKAMSITPEHMRASYMTYMNHGNSSSATIFSVMDKLRSKGMDEMAPG
GRAKDFVVGCAFGPGITVEMCMLKRNLGITRPHDIQTPPDTDSEASASDVDATSEWASED
PKESVPDTPEPEMIEPVASHSRDEDFINEALSRVELD";"Pesfi1|10058";"Endophytes";"4-cyclohexyl-4-oxobutyryl-coa";"0"
"107";"DhelPKS";"MASPNRFGQLGLSILGVGSQYPPHNLKPDAIDTLATRFYPDSPSMKKMRAINQFTGIDTR
SSIGNPDHPVVNFPGPPSIAQLHEVFMSAGVPLAVSAARKAIAEAKIDLNEITHVVSTTC
TDSANPGYDHFVCEKLGVSNQVERVLLHGVGCAGGLTALRTAANLALGHTFRGKPARILV
LALEVSTTMVRSELESIDKLQETRIGVCLFSDGASAVVLSNGLGKASGPPVYDYLGWDNR
IIPDTTSDLGFDVDPVGWKVILTPRVPKIAQGALQETFSDLMSSLSLPPPWDDAKPSDFD
WAMHPGGATILSGAEKALGLVPEHMRASYDTYINHGNSSSATIFSVLDRLRSKDMDACTP
DGRGPKDHIVGCAFGPGVAVEMCMLKRHFPPGAEGTGLQTPPETESEESSERSDDGEASV
RSDDLDVEDEAAAVHTRRADAGVDSFIAQAISSVELD
";"Diahe1|3921";"Endophytes";"4-cyclohexyl-4-oxobutyryl-coa";"1"
"108";"FerePKS";"MSPSAMHNKVTPPYHRPNLYVHGIGVEYPPYEIKPEHLATLARRFYPSTPALEKVLRINE
YTGIDSRSAIGNIDHPIANAPEPPTIAELCDVFLDHGVKLSIDACRKAVKQWGGDLSEIT
HVVATTCTNSANPGYDHYVIKGLGLNPSIEKILLHGVGCSGGLGALRTAANIALGSSFRR
KPARILVFACEISSTLVRSELDSIHKNQEVRIGVTLFSDCASAVVLGNGFSDRYDEEPIL
ELLGWDHKVIEDTEKDLGFDVDPLGWKVVLTQRVPKLASAAVPGMFEDLVGSIPELVDLG
KFKASDYDWALHPGGATVITGVERAMNLKPELLRASYEVYITHGNSSSATIFSVMNRLLE
GETKDHIVACAFGPGIAVEMMMLKRSNQGSDSGTESPTETLVAEDVD";"Foner1|4724";"Other";"4-cyclohexyl-4-oxobutyryl-coa";"1"
"109";"TtonPKS";"MPASKCANSPLVAPGLFIVSLGSQYPPYLLNHEKLTCFAERFYDIRRPGLRKLLQINAST
GIETRSSIRCYETGFACDSVPPSIADLDELFRRDGVDLTVQACMKAMKEAGVLPEQITHT
VGVTCTNQGNPGYDLLVNEKLGLPERTSRILLHGVGCAGGLSIMRVASQVACGETMRKRP
ACILAYACELCTPNVRHDLAEAEQCTDLSKVNIAGALFSDAAAAFILCNRTALEGINASP
IFELIEWDYALIPDTMQHLTSYTDPYGFRSVLTKDIPTYARAAIGPMFHRLLPSYEEQVF
AADMQLGVVNFDWAVHPGGKALIDGIQETMQLTEDQLRASREIYRTRGNSSSPTILSVLD
RLRTYEKKRGHVVAASFGPGMAIEMVMLKRCEVAGGER";"other";"Other";"4-cyclohexyl-4-oxobutyryl-coa";"0"
"110";"PhCHS";"other";"other";"Other";"4-cyclohexyl-4-oxobutyryl-coa";"1"
"111";"AiizPKS";"MAPNGSSPPGLYITGLGSQYPPYLLDPEKLEILAAQFYDVQRPGLRKLLRINRSSGIETR
SAIHTYDNGFATKSTAPSISELDQFYRQAGVDLAVQACEKALQDADVPPGKITHTIGVTC
TNQGNPGYDLLVNRKLGLPASVDRMLLHGVGCAGGLAIMRAAAQIACGGSARGKPVRILA
FACELCTPNVRHELAAAEEAADPADICIAGALFSDAAAAFVLCNEYAIVEDDARPVYELV
EWGNGLIPDTVEHMAFYADVDGYQTVLTREVPQYVKHAINPMFTSLLPSYQRLVQSVPDA
EDAQVGSQLGISDFDWALHPGGQAIIEGAKQVLELSEDQLHVSREIYRTRGNSASATVLI
VLDRLRSLGKREHVVATSFGPGLAIEMAMLRRCEIEKD";"Aspiiz1|328085";"Aspergillus";"4-cyclopentyl-4-oxobutyryl-coa";"1"
"112";"AthePKS";"MTTQPALCITGLGHQYPPYLMTPDKFDQLAARFHDTERPGLKKLIQINHTTGIESRASIL
PYTTGFATQSIPPTITEINHFFRSAGVDLAVSACKKALRDARTPPAKITHTVAVTATNQG
CPGYDLLVAKKLGLRLSSSSARPALDRTLLSGVGCAGGLSVLRTAAQLACGASARGKPAR
ILAYACELCMPNGRHDLAEVAREGDPDGISIVAALFSDAAGAVVLCNEVALAEDREGGAD
PDSEDEDEEAVRPVYRLLQWGHDVIPDTIEHMGFTTEGDGYHTTLTRAVPEHVKKAIGPI
FSTLLPSYQQQLQSCTPETINKADQQLTIHDFEFALHPGGEAIIDGAKEVLGLTEDQIKV
TRETYRTKGNSSSPTVLILLDKLRSEANRKRENVVAASFGPGMTIEMAMLRRCEDDE";"Aspth1|366720";"Aspergillus";"4-cyclopentyl-4-oxobutyryl-coa";"1"
"113";"AastPKS";"MGNSLSSSPSPGQSPQPEIQLRGDEAIITGIATEWPSRLIGPEELNKYALKFYPENPPWL
QKLLMLNTKTGIETRAVIDLWDDPRWLGDQPPTAEEVDAAFREYGVELAKKAALKALRES
NIDPSSVTHMVSVTATNAGAPGYDQLVARDLGLPDRTERVLLSGVGCAGGCASLRLASAL
ADAATHRKKAARILIVACELCSIQIRSELHAASQSPITRIGPVIFSDGAAALVVCNSLGM
SDKTPKQFAIVDDKSVTTSETQEEMSVKVSTYGFLATFSKKIPELAIGSMKAPLQSLLQS
NGMSSASPTDFYWALHPGGRAIIEGVQAAFNLPEDSLSASYEIYKTRGNSSSVSILAVLE
KVREKKLQTPNVVACSFGTGIRTEIALLRRMA";"Aspaste1|20971";"Aspergillus";"4-cyclopentyl-4-oxobutyryl-coa";"1"
"114";"XacuPKS1";"MGANWSSPGETENHDGSRQEMSDRLTITGLGSEWPDLLVGPKHLQEYAESIYPADAPWLQ
KLLTVNAQTGVQTRAVLECWNDPMWRGPVPPTIEQVHEAFDKYAPPLTAGAARRALNESG
IAASAVTHMVSVTATNCKCPGYDHLVAKELGISGDAERSLISGSGCAGGLAALRVANSMA
CAASLRGRPARILVVACELSSINLRAELEAAHKSGKLRIGAALFSDGAAAVVLCNDLALT
EKTPRLFTIADWCQNVAAETYDEVSVTTVSQGFLVYLSRTLPKHAAAAVHRPLQRLFGQK
DLPSPTECDWALHAGGAAIIQGVAKSVGIPDHQLRATSAVYSTRGNTASVTVLAVLDKLR
TMGPGTEDVVMCSFGPGLTVEMARLKRHC
";"Xylacu1|452307";"Endophytes";"4-cyclopentyl-4-oxobutyryl-coa";"1"
"115";"HargPKS1";">CDS_3939
MGATWSSTEEIDNADGSKQEFSDRLTITGLGSEWPKLLVGAEQLREYAESIYPADAPWLQ
KLLMVNAQTGVKTRAVLECWNDPMWRGPVPPTIEQVHEAFDKYAPPLTAGAARRALSESG
IAASAITHMVSVTATNCKCPGYDHLVAKELGISGDAERSLIAGSGCAGGLAALRVANSMA
NGATLRGRPARILVVACELSSINLRAELEAANQSGKLRIGGALFSDGAAAVVLCNDLALT
EKMPRLFTIADWCQNVAAETYDEVSVTTVSQGFLVYLSRTLPKHAAAAVHRPLERLFGKK
DLPSPKECDWALHAGGAAIIQGVQKSVGIPDHQLRATSAVYSTRGNTASVTVLAVLDKLR
TMGPGTDDVVMCSFGPGLTVEMARLKRHC";"Hyparg1|454749";"Endophytes";"4-cyclopentyl-4-oxobutyryl-coa";"1"
"116";"HypPKS";">CDS_6803
MASTNTFGELGLSIVGLGAQYPPNSLKPDELHKLATKyPDSPAMQKVLDINKYTGIETR
SSIGTSDHPVVNQPDAPSIAELHKVFISDGVPLAIEASRKAILEAGIDLSEITHIVSTTC
TDSANPGFDHFVAKGLGVTHSVEKVLLHGVGCAGGLAVLRTAANLALGHAMRRKPARILC
VTLEVSTTMVRSELNSINELQETRIGAALFSDCASALILSNGIGRPTAAPVYELLGWDHK
ILPESELDLGFDVDPVGWKVVLSPRVPKLATEILKPSFLELLESVPGLPAEYREAPDFDW
AMHPGGLTILTGAEKMMGISPEHMRASYDRYMNHGNSSSATIFSVMDRLRSKDMDAIAPG
GRPRDFVVGCAFGPGIAVEMCMLKRNMGRLGIQTPPETDSEASRSEAGTPGSEKTQGEQR
PTLGDEMFINEALANVELD
";"HyNC0597_1|672645";"Endophytes";"4-cyclopentyl-4-oxobutyryl-coa";"0"
"117";"PficPKS";"METTNAFGELGLSIIGIASQYPPHSLKPDQVQHLAERFYPDSPAMQKVLSINRYTGIDTR
ASIGTSDHPLVNAKEAPSIAELHRTFMTDGVPLAVAASRKAISEAGIQLSDITHVVATTC
TDSANPGFDHFVLKELGVTHQVEKVLLHGVGCSGGLATLRTAANLALGHAARRKPARILC
VALEVSTTMVRSELDSVNQTQETRIGVTLFSDCGSAVILSNGLGQRTADPVYELLGWEHK
VIPDTDHDLGFDVDPVGWKVVLSPRVPKLAAQVLQPTFSELMRDVPDMGPKYREAADFDW
AMHPGGATILTGAEKAMSITPEHMRASYMTYMNHGNSSSATIFSVMDKLRSKGMDEMAPG
GRAKDFVVGCAFGPGITVEMCMLKRNLGITRPHDIQTPPDTDSEASASDVDATSEWASED
PKESVPDTPEPEMIEPVASHSRDEDFINEALSRVELD";"Pesfi1|10058";"Endophytes";"4-cyclopentyl-4-oxobutyryl-coa";"0"
"118";"DhelPKS";"MASPNRFGQLGLSILGVGSQYPPHNLKPDAIDTLATRFYPDSPSMKKMRAINQFTGIDTR
SSIGNPDHPVVNFPGPPSIAQLHEVFMSAGVPLAVSAARKAIAEAKIDLNEITHVVSTTC
TDSANPGYDHFVCEKLGVSNQVERVLLHGVGCAGGLTALRTAANLALGHTFRGKPARILV
LALEVSTTMVRSELESIDKLQETRIGVCLFSDGASAVVLSNGLGKASGPPVYDYLGWDNR
IIPDTTSDLGFDVDPVGWKVILTPRVPKIAQGALQETFSDLMSSLSLPPPWDDAKPSDFD
WAMHPGGATILSGAEKALGLVPEHMRASYDTYINHGNSSSATIFSVLDRLRSKDMDACTP
DGRGPKDHIVGCAFGPGVAVEMCMLKRHFPPGAEGTGLQTPPETESEESSERSDDGEASV
RSDDLDVEDEAAAVHTRRADAGVDSFIAQAISSVELD
";"Diahe1|3921";"Endophytes";"4-cyclopentyl-4-oxobutyryl-coa";"1"
"119";"FerePKS";"MSPSAMHNKVTPPYHRPNLYVHGIGVEYPPYEIKPEHLATLARRFYPSTPALEKVLRINE
YTGIDSRSAIGNIDHPIANAPEPPTIAELCDVFLDHGVKLSIDACRKAVKQWGGDLSEIT
HVVATTCTNSANPGYDHYVIKGLGLNPSIEKILLHGVGCSGGLGALRTAANIALGSSFRR
KPARILVFACEISSTLVRSELDSIHKNQEVRIGVTLFSDCASAVVLGNGFSDRYDEEPIL
ELLGWDHKVIEDTEKDLGFDVDPLGWKVVLTQRVPKLASAAVPGMFEDLVGSIPELVDLG
KFKASDYDWALHPGGATVITGVERAMNLKPELLRASYEVYITHGNSSSATIFSVMNRLLE
GETKDHIVACAFGPGIAVEMMMLKRSNQGSDSGTESPTETLVAEDVD";"Foner1|4724";"Other";"4-cyclopentyl-4-oxobutyryl-coa";"1"
"120";"TtonPKS";"MPASKCANSPLVAPGLFIVSLGSQYPPYLLNHEKLTCFAERFYDIRRPGLRKLLQINAST
GIETRSSIRCYETGFACDSVPPSIADLDELFRRDGVDLTVQACMKAMKEAGVLPEQITHT
VGVTCTNQGNPGYDLLVNEKLGLPERTSRILLHGVGCAGGLSIMRVASQVACGETMRKRP
ACILAYACELCTPNVRHDLAEAEQCTDLSKVNIAGALFSDAAAAFILCNRTALEGINASP
IFELIEWDYALIPDTMQHLTSYTDPYGFRSVLTKDIPTYARAAIGPMFHRLLPSYEEQVF
AADMQLGVVNFDWAVHPGGKALIDGIQETMQLTEDQLRASREIYRTRGNSSSPTILSVLD
RLRTYEKKRGHVVAASFGPGMAIEMVMLKRCEVAGGER";"other";"Other";"4-cyclopentyl-4-oxobutyryl-coa";"1"
"121";"PhCHS";"other";"other";"Other";"4-cyclopentyl-4-oxobutyryl-coa";"1"
"122";"AiizPKS";"MAPNGSSPPGLYITGLGSQYPPYLLDPEKLEILAAQFYDVQRPGLRKLLRINRSSGIETR
SAIHTYDNGFATKSTAPSISELDQFYRQAGVDLAVQACEKALQDADVPPGKITHTIGVTC
TNQGNPGYDLLVNRKLGLPASVDRMLLHGVGCAGGLAIMRAAAQIACGGSARGKPVRILA
FACELCTPNVRHELAAAEEAADPADICIAGALFSDAAAAFVLCNEYAIVEDDARPVYELV
EWGNGLIPDTVEHMAFYADVDGYQTVLTREVPQYVKHAINPMFTSLLPSYQRLVQSVPDA
EDAQVGSQLGISDFDWALHPGGQAIIEGAKQVLELSEDQLHVSREIYRTRGNSASATVLI
VLDRLRSLGKREHVVATSFGPGLAIEMAMLRRCEIEKD";"Aspiiz1|328085";"Aspergillus";"trans-2-Phenylcyclopropane-1-carboxylyl-coa";"1"
"123";"AthePKS";"MTTQPALCITGLGHQYPPYLMTPDKFDQLAARFHDTERPGLKKLIQINHTTGIESRASIL
PYTTGFATQSIPPTITEINHFFRSAGVDLAVSACKKALRDARTPPAKITHTVAVTATNQG
CPGYDLLVAKKLGLRLSSSSARPALDRTLLSGVGCAGGLSVLRTAAQLACGASARGKPAR
ILAYACELCMPNGRHDLAEVAREGDPDGISIVAALFSDAAGAVVLCNEVALAEDREGGAD
PDSEDEDEEAVRPVYRLLQWGHDVIPDTIEHMGFTTEGDGYHTTLTRAVPEHVKKAIGPI
FSTLLPSYQQQLQSCTPETINKADQQLTIHDFEFALHPGGEAIIDGAKEVLGLTEDQIKV
TRETYRTKGNSSSPTVLILLDKLRSEANRKRENVVAASFGPGMTIEMAMLRRCEDDE";"Aspth1|366720";"Aspergillus";"trans-2-Phenylcyclopropane-1-carboxylyl-coa";"0"
"124";"AastPKS";"MGNSLSSSPSPGQSPQPEIQLRGDEAIITGIATEWPSRLIGPEELNKYALKFYPENPPWL
QKLLMLNTKTGIETRAVIDLWDDPRWLGDQPPTAEEVDAAFREYGVELAKKAALKALRES
NIDPSSVTHMVSVTATNAGAPGYDQLVARDLGLPDRTERVLLSGVGCAGGCASLRLASAL
ADAATHRKKAARILIVACELCSIQIRSELHAASQSPITRIGPVIFSDGAAALVVCNSLGM
SDKTPKQFAIVDDKSVTTSETQEEMSVKVSTYGFLATFSKKIPELAIGSMKAPLQSLLQS
NGMSSASPTDFYWALHPGGRAIIEGVQAAFNLPEDSLSASYEIYKTRGNSSSVSILAVLE
KVREKKLQTPNVVACSFGTGIRTEIALLRRMA";"Aspaste1|20971";"Aspergillus";"trans-2-Phenylcyclopropane-1-carboxylyl-coa";"1"
"125";"XacuPKS1";"MGANWSSPGETENHDGSRQEMSDRLTITGLGSEWPDLLVGPKHLQEYAESIYPADAPWLQ
KLLTVNAQTGVQTRAVLECWNDPMWRGPVPPTIEQVHEAFDKYAPPLTAGAARRALNESG
IAASAVTHMVSVTATNCKCPGYDHLVAKELGISGDAERSLISGSGCAGGLAALRVANSMA
CAASLRGRPARILVVACELSSINLRAELEAAHKSGKLRIGAALFSDGAAAVVLCNDLALT
EKTPRLFTIADWCQNVAAETYDEVSVTTVSQGFLVYLSRTLPKHAAAAVHRPLQRLFGQK
DLPSPTECDWALHAGGAAIIQGVAKSVGIPDHQLRATSAVYSTRGNTASVTVLAVLDKLR
TMGPGTEDVVMCSFGPGLTVEMARLKRHC
";"Xylacu1|452307";"Endophytes";"trans-2-Phenylcyclopropane-1-carboxylyl-coa";"1"
"126";"HargPKS1";">CDS_3939
MGATWSSTEEIDNADGSKQEFSDRLTITGLGSEWPKLLVGAEQLREYAESIYPADAPWLQ
KLLMVNAQTGVKTRAVLECWNDPMWRGPVPPTIEQVHEAFDKYAPPLTAGAARRALSESG
IAASAITHMVSVTATNCKCPGYDHLVAKELGISGDAERSLIAGSGCAGGLAALRVANSMA
NGATLRGRPARILVVACELSSINLRAELEAANQSGKLRIGGALFSDGAAAVVLCNDLALT
EKMPRLFTIADWCQNVAAETYDEVSVTTVSQGFLVYLSRTLPKHAAAAVHRPLERLFGKK
DLPSPKECDWALHAGGAAIIQGVQKSVGIPDHQLRATSAVYSTRGNTASVTVLAVLDKLR
TMGPGTDDVVMCSFGPGLTVEMARLKRHC";"Hyparg1|454749";"Endophytes";"trans-2-Phenylcyclopropane-1-carboxylyl-coa";"1"
"127";"HypPKS";">CDS_6803
MASTNTFGELGLSIVGLGAQYPPNSLKPDELHKLATKyPDSPAMQKVLDINKYTGIETR
SSIGTSDHPVVNQPDAPSIAELHKVFISDGVPLAIEASRKAILEAGIDLSEITHIVSTTC
TDSANPGFDHFVAKGLGVTHSVEKVLLHGVGCAGGLAVLRTAANLALGHAMRRKPARILC
VTLEVSTTMVRSELNSINELQETRIGAALFSDCASALILSNGIGRPTAAPVYELLGWDHK
ILPESELDLGFDVDPVGWKVVLSPRVPKLATEILKPSFLELLESVPGLPAEYREAPDFDW
AMHPGGLTILTGAEKMMGISPEHMRASYDRYMNHGNSSSATIFSVMDRLRSKDMDAIAPG
GRPRDFVVGCAFGPGIAVEMCMLKRNMGRLGIQTPPETDSEASRSEAGTPGSEKTQGEQR
PTLGDEMFINEALANVELD
";"HyNC0597_1|672645";"Endophytes";"trans-2-Phenylcyclopropane-1-carboxylyl-coa";"0"
"128";"PficPKS";"METTNAFGELGLSIIGIASQYPPHSLKPDQVQHLAERFYPDSPAMQKVLSINRYTGIDTR
ASIGTSDHPLVNAKEAPSIAELHRTFMTDGVPLAVAASRKAISEAGIQLSDITHVVATTC
TDSANPGFDHFVLKELGVTHQVEKVLLHGVGCSGGLATLRTAANLALGHAARRKPARILC
VALEVSTTMVRSELDSVNQTQETRIGVTLFSDCGSAVILSNGLGQRTADPVYELLGWEHK
VIPDTDHDLGFDVDPVGWKVVLSPRVPKLAAQVLQPTFSELMRDVPDMGPKYREAADFDW
AMHPGGATILTGAEKAMSITPEHMRASYMTYMNHGNSSSATIFSVMDKLRSKGMDEMAPG
GRAKDFVVGCAFGPGITVEMCMLKRNLGITRPHDIQTPPDTDSEASASDVDATSEWASED
PKESVPDTPEPEMIEPVASHSRDEDFINEALSRVELD";"Pesfi1|10058";"Endophytes";"trans-2-Phenylcyclopropane-1-carboxylyl-coa";"0"
"129";"DhelPKS";"MASPNRFGQLGLSILGVGSQYPPHNLKPDAIDTLATRFYPDSPSMKKMRAINQFTGIDTR
SSIGNPDHPVVNFPGPPSIAQLHEVFMSAGVPLAVSAARKAIAEAKIDLNEITHVVSTTC
TDSANPGYDHFVCEKLGVSNQVERVLLHGVGCAGGLTALRTAANLALGHTFRGKPARILV
LALEVSTTMVRSELESIDKLQETRIGVCLFSDGASAVVLSNGLGKASGPPVYDYLGWDNR
IIPDTTSDLGFDVDPVGWKVILTPRVPKIAQGALQETFSDLMSSLSLPPPWDDAKPSDFD
WAMHPGGATILSGAEKALGLVPEHMRASYDTYINHGNSSSATIFSVLDRLRSKDMDACTP
DGRGPKDHIVGCAFGPGVAVEMCMLKRHFPPGAEGTGLQTPPETESEESSERSDDGEASV
RSDDLDVEDEAAAVHTRRADAGVDSFIAQAISSVELD
";"Diahe1|3921";"Endophytes";"trans-2-Phenylcyclopropane-1-carboxylyl-coa";"0"
"130";"FerePKS";"MSPSAMHNKVTPPYHRPNLYVHGIGVEYPPYEIKPEHLATLARRFYPSTPALEKVLRINE
YTGIDSRSAIGNIDHPIANAPEPPTIAELCDVFLDHGVKLSIDACRKAVKQWGGDLSEIT
HVVATTCTNSANPGYDHYVIKGLGLNPSIEKILLHGVGCSGGLGALRTAANIALGSSFRR
KPARILVFACEISSTLVRSELDSIHKNQEVRIGVTLFSDCASAVVLGNGFSDRYDEEPIL
ELLGWDHKVIEDTEKDLGFDVDPLGWKVVLTQRVPKLASAAVPGMFEDLVGSIPELVDLG
KFKASDYDWALHPGGATVITGVERAMNLKPELLRASYEVYITHGNSSSATIFSVMNRLLE
GETKDHIVACAFGPGIAVEMMMLKRSNQGSDSGTESPTETLVAEDVD";"Foner1|4724";"Other";"trans-2-Phenylcyclopropane-1-carboxylyl-coa";"1"
"131";"TtonPKS";"MPASKCANSPLVAPGLFIVSLGSQYPPYLLNHEKLTCFAERFYDIRRPGLRKLLQINAST
GIETRSSIRCYETGFACDSVPPSIADLDELFRRDGVDLTVQACMKAMKEAGVLPEQITHT
VGVTCTNQGNPGYDLLVNEKLGLPERTSRILLHGVGCAGGLSIMRVASQVACGETMRKRP
ACILAYACELCTPNVRHDLAEAEQCTDLSKVNIAGALFSDAAAAFILCNRTALEGINASP
IFELIEWDYALIPDTMQHLTSYTDPYGFRSVLTKDIPTYARAAIGPMFHRLLPSYEEQVF
AADMQLGVVNFDWAVHPGGKALIDGIQETMQLTEDQLRASREIYRTRGNSSSPTILSVLD
RLRTYEKKRGHVVAASFGPGMAIEMVMLKRCEVAGGER";"other";"Other";"trans-2-Phenylcyclopropane-1-carboxylyl-coa";"1"
"132";"PhCHS";"other";"other";"Other";"trans-2-Phenylcyclopropane-1-carboxylyl-coa";"1"
